step;score;epsilon
0;176.0;0.9988699999999926
1;440.0;0.9960949999999744
2;264.0;0.9945199999999641
3;352.0;0.9929149999999536
4;528.0;0.9902899999999364
5;440.0;0.9876199999999189
6;308.0;0.9856099999999057
7;396.0;0.9834449999998915
8;220.0;0.9814349999998784
9;484.0;0.9783499999998582
10;352.0;0.9767199999998475
11;264.0;0.9745649999998334
12;88.0;0.9728949999998224
13;308.0;0.9711599999998111
14;308.0;0.9694549999997999
15;572.0;0.9667549999997822
16;220.0;0.9647499999997691
17;176.0;0.9633049999997596
18;176.0;0.9617399999997494
19;308.0;0.9597749999997365
20;440.0;0.9573149999997204
21;308.0;0.9554599999997082
22;132.0;0.9532149999996935
23;572.0;0.9498249999996713
24;220.0;0.9477399999996576
25;616.0;0.9451149999996404
26;352.0;0.9430149999996267
27;484.0;0.9399699999996067
28;352.0;0.9377549999995922
29;220.0;0.9363149999995828
30;352.0;0.934509999999571
31;220.0;0.9331299999995619
32;440.0;0.9306749999995458
33;176.0;0.9289649999995346
34;528.0;0.926419999999518
35;572.0;0.9238749999995013
36;484.0;0.9210699999994829
37;264.0;0.9192749999994712
38;264.0;0.9175549999994599
39;352.0;0.9155399999994467
40;132.0;0.9138149999994354
41;528.0;0.9111749999994181
42;396.0;0.9089149999994033
43;220.0;0.9067199999993889
44;352.0;0.9038199999993699
45;572.0;0.9011799999993526
46;440.0;0.8987449999993367
47;572.0;0.896054999999319
48;396.0;0.8934149999993017
49;396.0;0.8904749999992825
50;264.0;0.8887549999992712
51;484.0;0.8862399999992547
52;440.0;0.88399499999924
53;440.0;0.8814899999992236
54;308.0;0.8791549999992083
55;396.0;0.8769149999991936
56;396.0;0.8738799999991738
57;352.0;0.8717349999991597
58;264.0;0.8701849999991496
59;308.0;0.868579999999139
60;264.0;0.8667299999991269
61;440.0;0.8645749999991128
62;264.0;0.8620799999990965
63;616.0;0.8592849999990781
64;396.0;0.8566449999990609
65;396.0;0.8540549999990439
66;440.0;0.8525049999990337
67;132.0;0.8508199999990227
68;176.0;0.8492549999990124
69;308.0;0.8476199999990017
70;484.0;0.8456449999989888
71;352.0;0.8425449999989685
72;132.0;0.840479999998955
73;308.0;0.8381549999989397
74;220.0;0.8360849999989262
75;396.0;0.8340199999989126
76;352.0;0.8320149999988995
77;352.0;0.8296749999988842
78;220.0;0.8276249999988707
79;220.0;0.8258199999988589
80;352.0;0.8238249999988458
81;572.0;0.8210149999988274
82;88.0;0.8189749999988141
83;440.0;0.8167549999987995
84;308.0;0.8150699999987885
85;572.0;0.8122699999987701
86;176.0;0.8105449999987588
87;220.0;0.8090249999987489
88;308.0;0.8066699999987335
89;528.0;0.8038849999987152
90;528.0;0.8018849999987021
91;660.0;0.7979349999986762
92;308.0;0.7960499999986639
93;220.0;0.794544999998654
94;484.0;0.7918449999986363
95;264.0;0.7898649999986234
96;440.0;0.7874349999986074
97;176.0;0.7857299999985963
98;220.0;0.783854999998584
99;616.0;0.780809999998564
100;176.0;0.7792999999985541
101;440.0;0.7768599999985382
102;396.0;0.7743299999985216
103;308.0;0.7727899999985115
104;132.0;0.7709399999984994
105;176.0;0.7692299999984882
106;308.0;0.767059999998474
107;352.0;0.7645499999984575
108;440.0;0.7625699999984445
109;88.0;0.7607599999984327
110;484.0;0.758514999998418
111;220.0;0.7568099999984068
112;528.0;0.7544899999983916
113;352.0;0.7526249999983794
114;660.0;0.7494549999983586
115;440.0;0.747069999998343
116;440.0;0.7448299999983283
117;308.0;0.7429049999983157
118;264.0;0.7412449999983048
119;308.0;0.7389249999982896
120;308.0;0.7366199999982745
121;660.0;0.7337549999982558
122;708.0;0.730284999998233
123;484.0;0.7280299999982183
124;352.0;0.7251649999981995
125;440.0;0.7229749999981852
126;528.0;0.7203149999981677
127;88.0;0.7188699999981583
128;264.0;0.7174799999981492
129;616.0;0.7149549999981326
130;484.0;0.7120799999981138
131;264.0;0.7100599999981005
132;220.0;0.7079199999980865
133;176.0;0.7058399999980729
134;484.0;0.7036449999980585
135;352.0;0.7014949999980444
136;396.0;0.6992649999980298
137;660.0;0.6957349999980067
138;396.0;0.6932949999979907
139;220.0;0.6917699999979807
140;264.0;0.6900449999979694
141;308.0;0.6883949999979586
142;308.0;0.6858299999979418
143;660.0;0.6819099999979161
144;572.0;0.679294999997899
145;660.0;0.6763499999978797
146;220.0;0.6746149999978683
147;264.0;0.6731099999978585
148;484.0;0.6695699999978353
149;264.0;0.6676649999978228
150;440.0;0.6657649999978104
151;264.0;0.6636849999977967
152;132.0;0.6621699999977868
153;396.0;0.6605349999977761
154;396.0;0.6576049999977569
155;484.0;0.6555849999977437
156;528.0;0.6526899999977247
157;352.0;0.6504599999977101
158;484.0;0.6482299999976955
159;176.0;0.646479999997684
160;440.0;0.6440999999976684
161;352.0;0.6423449999976569
162;132.0;0.6407099999976462
163;88.0;0.6391349999976359
164;220.0;0.6376049999976259
165;572.0;0.6349149999976083
166;308.0;0.6330699999975962
167;756.0;0.6301649999975771
168;396.0;0.6283999999975656
169;264.0;0.6268249999975553
170;220.0;0.6245149999975401
171;352.0;0.6216099999975211
172;484.0;0.6188949999975033
173;660.0;0.6157699999974828
174;176.0;0.6141049999974719
175;264.0;0.6123949999974607
176;440.0;0.6103099999974471
177;220.0;0.6088899999974378
178;572.0;0.6066249999974229
179;572.0;0.6041199999974065
180;352.0;0.6020299999973928
181;440.0;0.5996449999973772
182;396.0;0.5974149999973626
183;572.0;0.5944849999973434
184;352.0;0.5924199999973299
185;308.0;0.5904299999973168
186;660.0;0.5871549999972954
187;396.0;0.5845699999972784
188;396.0;0.5827699999972666
189;264.0;0.5811049999972557
190;264.0;0.5794399999972448
191;396.0;0.5770349999972291
192;440.0;0.5747549999972141
193;308.0;0.5726249999972002
194;484.0;0.5700749999971835
195;220.0;0.5682899999971718
196;308.0;0.5666199999971608
197;484.0;0.5646349999971478
198;264.0;0.562829999997136
199;484.0;0.5604349999971203
200;528.0;0.5583449999971066
201;220.0;0.5564699999970943
202;132.0;0.5547749999970832
203;440.0;0.5525049999970684
204;352.0;0.5503649999970543
205;308.0;0.54817999999704
206;616.0;0.5458699999970249
207;264.0;0.5440199999970128
208;176.0;0.5421699999970007
209;484.0;0.5401849999969877
210;220.0;0.5382699999969751
211;484.0;0.5361949999969615
212;308.0;0.5345499999969507
213;264.0;0.5314549999969305
214;396.0;0.5289999999969144
215;708.0;0.525584999996892
216;176.0;0.5237799999968802
217;308.0;0.521924999996868
218;88.0;0.5202499999968571
219;708.0;0.5167799999968343
220;660.0;0.5144849999968193
221;308.0;0.5128949999968089
222;572.0;0.5106099999967939
223;220.0;0.5088699999967825
224;440.0;0.5061049999967644
225;308.0;0.5043249999967527
226;220.0;0.502539999996741
227;440.0;0.5002249999967259
228;308.0;0.4985399999967311
229;352.0;0.49690499999673854
230;528.0;0.4942349999967507
231;132.0;0.49256999999675827
232;528.0;0.4901649999967692
233;308.0;0.48791999999677943
234;440.0;0.48560999999678994
235;264.0;0.4837949999967982
236;264.0;0.4816149999968081
237;352.0;0.4797049999968168
238;264.0;0.4780649999968243
239;708.0;0.47472999999683946
240;176.0;0.4725649999968493
241;176.0;0.4712499999968553
242;176.0;0.46937499999686383
243;176.0;0.46791999999687045
244;396.0;0.46563499999688085
245;484.0;0.4631349999968922
246;220.0;0.46121499999690097
247;220.0;0.45910499999691057
248;176.0;0.45737499999691844
249;352.0;0.4553899999969275
250;484.0;0.45314999999693767
251;484.0;0.4506199999969492
252;264.0;0.4489649999969567
253;264.0;0.44704499999696545
254;660.0;0.4440449999969791
255;396.0;0.44143999999699096
256;308.0;0.4394749999969999
257;572.0;0.4362049999970148
258;440.0;0.4343349999970233
259;308.0;0.4326249999970311
260;308.0;0.4310849999970381
261;220.0;0.4288799999970481
262;352.0;0.4269749999970568
263;396.0;0.4248249999970666
264;132.0;0.42280999999707575
265;264.0;0.42122499999708296
266;440.0;0.4190599999970928
267;176.0;0.4171499999971015
268;264.0;0.4155299999971089
269;484.0;0.4133699999971187
270;528.0;0.4111499999971288
271;220.0;0.4085099999971408
272;660.0;0.40558499999715414
273;308.0;0.40406999999716103
274;220.0;0.4024049999971686
275;616.0;0.3995999999971814
276;484.0;0.39710499999719273
277;308.0;0.3951399999972017
278;308.0;0.39285999999721205
279;44.0;0.39133999999721897
280;396.0;0.38868999999723103
281;440.0;0.38635499999724165
282;264.0;0.3843849999972506
283;660.0;0.3815099999972637
284;660.0;0.3781049999972792
285;484.0;0.375954999997289
286;308.0;0.3742549999972967
287;528.0;0.3720799999973066
288;176.0;0.37042999999731413
289;572.0;0.3676899999973266
290;264.0;0.36556999999733625
291;352.0;0.36376999999734444
292;220.0;0.36229499999735115
293;440.0;0.36000999999736155
294;264.0;0.3581349999973701
295;264.0;0.3563549999973782
296;308.0;0.35427499999738765
297;308.0;0.3521999999973971
298;308.0;0.3502849999974058
299;176.0;0.34873499999741286
300;352.0;0.34578999999742627
301;708.0;0.34269499999744035
302;264.0;0.3409249999974484
303;440.0;0.3379599999974619
304;308.0;0.33583999999747155
305;176.0;0.33416999999747915
306;352.0;0.3318099999974899
307;440.0;0.3295249999975003
308;308.0;0.32801999999750714
309;352.0;0.32544999999751884
310;528.0;0.32306999999752967
311;352.0;0.32098999999753913
312;308.0;0.31902999999754805
313;132.0;0.31724999999755615
314;396.0;0.3155049999975641
315;396.0;0.31349499999757324
316;264.0;0.31195499999758025
317;528.0;0.3094999999975914
318;396.0;0.30753999999760034
319;616.0;0.30505999999761163
320;220.0;0.30346999999761887
321;308.0;0.30166999999762706
322;616.0;0.29850999999764144
323;176.0;0.2965399999976504
324;132.0;0.29455499999765944
325;308.0;0.2929649999976667
326;220.0;0.29061499999767737
327;440.0;0.288059999997689
328;220.0;0.28595999999769856
329;440.0;0.2839049999977079
330;308.0;0.282344999997715
331;220.0;0.2805699999977231
332;264.0;0.2787399999977314
333;852.0;0.27450999999775066
334;264.0;0.27319499999775665
335;352.0;0.27143999999776464
336;220.0;0.27015999999777046
337;308.0;0.26791999999778066
338;484.0;0.2651649999977932
339;660.0;0.26222999999780655
340;660.0;0.25954499999781877
341;484.0;0.2567699999978314
342;220.0;0.25517999999783864
343;572.0;0.2527049999978499
344;176.0;0.2503099999978608
345;708.0;0.24666499999785885
346;176.0;0.2452199999978574
347;308.0;0.24275499999785494
348;352.0;0.23963499999785182
349;220.0;0.23737999999784956
350;132.0;0.2355249999978477
351;176.0;0.23394499999784613
352;528.0;0.23174499999784393
353;440.0;0.22996999999784215
354;220.0;0.2284299999978406
355;484.0;0.225819999997838
356;352.0;0.22376499999783594
357;396.0;0.2219149999978341
358;440.0;0.21878499999783096
359;440.0;0.21654999999782873
360;572.0;0.2147099999978269
361;484.0;0.212814999997825
362;264.0;0.2113349999978235
363;220.0;0.20996499999782214
364;220.0;0.2081299999978203
365;352.0;0.20615999999781834
366;660.0;0.20337999999781556
367;396.0;0.20126999999781345
368;660.0;0.198819999997811
369;852.0;0.19538999999780757
370;308.0;0.19369499999780587
371;176.0;0.19196999999780415
372;660.0;0.18930499999780148
373;528.0;0.18668499999779886
374;308.0;0.18425999999779644
375;396.0;0.1822199999977944
376;308.0;0.18058499999779276
377;308.0;0.17855499999779073
378;528.0;0.17625499999778843
379;484.0;0.17415999999778634
380;484.0;0.17205999999778424
381;572.0;0.16964999999778183
382;484.0;0.16737999999777955
383;528.0;0.16499999999777717
384;220.0;0.16338999999777556
385;484.0;0.16054499999777272
386;308.0;0.15824499999777042
387;616.0;0.15536999999776754
388;308.0;0.1533349999977655
389;132.0;0.151829999997764
390;484.0;0.14948499999776166
391;396.0;0.14675499999775893
392;396.0;0.14474499999775692
393;440.0;0.14210999999775428
394;440.0;0.14026499999775244
395;440.0;0.1379199999977501
396;572.0;0.1354299999977476
397;852.0;0.1310349999977432
398;352.0;0.12925499999774143
399;308.0;0.1272199999977394
400;440.0;0.12473999999773691
401;660.0;0.1207249999977329
402;264.0;0.11906999999773124
403;220.0;0.1172249999977294
404;528.0;0.11421999999772639
405;308.0;0.11250499999772468
406;440.0;0.10986999999772204
407;528.0;0.1076349999977198
408;660.0;0.1053299999977175
409;440.0;0.10317999999771535
410;176.0;0.10163999999771381
411;308.0;0.09976999999771194
412;308.0;0.09691499999770908
413;176.0;0.09527999999770745
414;440.0;0.09317999999770535
415;396.0;0.09076499999770293
416;484.0;0.08828499999770045
417;264.0;0.08677999999769895
418;132.0;0.08510999999769728
419;396.0;0.08296999999769514
420;264.0;0.08138499999769355
421;440.0;0.08
422;132.0;0.08
423;660.0;0.08
424;352.0;0.08
425;616.0;0.08
426;308.0;0.08
427;572.0;0.08
428;616.0;0.08
429;440.0;0.08
430;264.0;0.08
431;352.0;0.08
432;308.0;0.08
433;396.0;0.08
434;660.0;0.08
435;440.0;0.08
436;220.0;0.08
437;660.0;0.08
438;440.0;0.08
439;708.0;0.08
440;484.0;0.08
441;528.0;0.08
442;660.0;0.08
443;396.0;0.08
444;308.0;0.08
445;308.0;0.08
446;756.0;0.08
447;528.0;0.08
448;572.0;0.08
449;396.0;0.08
450;264.0;0.08
451;440.0;0.08
452;572.0;0.08
453;756.0;0.08
454;660.0;0.08
455;484.0;0.08
456;308.0;0.08
457;660.0;0.08
458;396.0;0.08
459;352.0;0.08
460;264.0;0.08
461;352.0;0.08
462;572.0;0.08
463;484.0;0.08
464;528.0;0.08
465;484.0;0.08
466;440.0;0.08
467;572.0;0.08
468;264.0;0.08
469;852.0;0.08
470;572.0;0.08
471;264.0;0.08
472;264.0;0.08
473;352.0;0.08
474;572.0;0.08
475;220.0;0.08
476;572.0;0.08
477;528.0;0.08
478;176.0;0.08
479;396.0;0.08
480;396.0;0.08
481;660.0;0.08
482;572.0;0.08
483;484.0;0.08
484;660.0;0.08
485;308.0;0.08
486;440.0;0.08
487;396.0;0.08
488;484.0;0.08
489;396.0;0.08
490;176.0;0.08
491;352.0;0.08
492;352.0;0.08
493;528.0;0.08
494;308.0;0.08
495;616.0;0.08
496;176.0;0.08
497;264.0;0.08
498;528.0;0.08
499;352.0;0.08
500;308.0;0.08
501;528.0;0.08
502;176.0;0.08
503;660.0;0.08
504;352.0;0.08
505;572.0;0.08
506;572.0;0.08
507;484.0;0.08
508;132.0;0.08
509;572.0;0.08
510;440.0;0.08
511;440.0;0.08
512;176.0;0.08
513;176.0;0.08
514;484.0;0.08
515;176.0;0.08
516;308.0;0.08
517;708.0;0.08
518;396.0;0.08
519;572.0;0.08
520;528.0;0.08
521;660.0;0.08
522;440.0;0.08
523;756.0;0.08
524;708.0;0.08
525;660.0;0.08
526;220.0;0.08
527;996.0;0.08
528;308.0;0.08
529;572.0;0.08
530;708.0;0.08
531;352.0;0.08
532;616.0;0.08
533;308.0;0.08
534;484.0;0.08
535;528.0;0.08
536;484.0;0.08
537;308.0;0.08
538;528.0;0.08
539;440.0;0.08
540;440.0;0.08
541;528.0;0.08
542;528.0;0.08
543;660.0;0.08
544;440.0;0.08
545;528.0;0.08
546;308.0;0.08
547;660.0;0.08
548;660.0;0.08
549;660.0;0.08
550;804.0;0.08
551;528.0;0.08
552;484.0;0.08
553;660.0;0.08
554;484.0;0.08
555;352.0;0.08
556;396.0;0.08
557;308.0;0.08
558;528.0;0.08
559;804.0;0.08
560;616.0;0.08
561;396.0;0.08
562;352.0;0.08
563;440.0;0.08
564;176.0;0.08
565;264.0;0.08
566;484.0;0.08
567;220.0;0.08
568;264.0;0.08
569;440.0;0.08
570;708.0;0.08
571;396.0;0.08
572;308.0;0.08
573;220.0;0.08
574;176.0;0.08
575;572.0;0.08
576;708.0;0.08
577;352.0;0.08
578;132.0;0.08
579;220.0;0.08
580;528.0;0.08
581;528.0;0.08
582;396.0;0.08
583;396.0;0.08
584;176.0;0.08
585;352.0;0.08
586;708.0;0.08
587;528.0;0.08
588;352.0;0.08
589;220.0;0.08
590;616.0;0.08
591;572.0;0.08
592;352.0;0.08
593;308.0;0.08
594;660.0;0.08
595;948.0;0.08
596;264.0;0.08
597;308.0;0.08
598;264.0;0.08
599;616.0;0.08
600;660.0;0.08
601;804.0;0.08
602;440.0;0.08
603;616.0;0.08
604;440.0;0.08
605;660.0;0.08
606;396.0;0.08
607;660.0;0.08
608;308.0;0.08
609;660.0;0.08
610;528.0;0.08
611;440.0;0.08
612;660.0;0.08
613;572.0;0.08
614;264.0;0.08
615;660.0;0.08
616;264.0;0.08
617;1140.0;0.08
618;572.0;0.08
619;176.0;0.08
620;484.0;0.08
621;396.0;0.08
622;440.0;0.08
623;660.0;0.08
624;528.0;0.08
625;572.0;0.08
626;708.0;0.08
627;900.0;0.08
628;484.0;0.08
629;484.0;0.08
630;308.0;0.08
631;708.0;0.08
632;528.0;0.08
633;528.0;0.08
634;176.0;0.08
635;528.0;0.08
636;308.0;0.08
637;900.0;0.08
638;352.0;0.08
639;352.0;0.08
640;484.0;0.08
641;264.0;0.08
642;352.0;0.08
643;616.0;0.08
644;352.0;0.08
645;264.0;0.08
646;440.0;0.08
647;352.0;0.08
648;528.0;0.08
649;440.0;0.08
650;528.0;0.08
651;660.0;0.08
652;176.0;0.08
653;440.0;0.08
654;572.0;0.08
655;484.0;0.08
656;660.0;0.08
657;308.0;0.08
658;396.0;0.08
659;308.0;0.08
660;708.0;0.08
661;176.0;0.08
662;528.0;0.08
663;660.0;0.08
664;572.0;0.08
665;660.0;0.08
666;708.0;0.08
667;440.0;0.08
668;176.0;0.08
669;352.0;0.08
670;396.0;0.08
671;572.0;0.08
672;484.0;0.08
673;440.0;0.08
674;264.0;0.08
675;660.0;0.08
676;900.0;0.08
677;528.0;0.08
678;660.0;0.08
679;396.0;0.08
680;484.0;0.08
681;616.0;0.08
682;660.0;0.08
683;660.0;0.08
684;708.0;0.08
685;440.0;0.08
686;660.0;0.08
687;308.0;0.08
688;440.0;0.08
689;352.0;0.08
690;396.0;0.08
691;660.0;0.08
692;220.0;0.08
693;616.0;0.08
694;264.0;0.08
695;660.0;0.08
696;528.0;0.08
697;484.0;0.08
698;352.0;0.08
699;660.0;0.08
700;616.0;0.08
701;264.0;0.08
702;220.0;0.08
703;660.0;0.08
704;352.0;0.08
705;572.0;0.08
706;660.0;0.08
707;660.0;0.08
708;616.0;0.08
709;660.0;0.08
710;396.0;0.08
711;660.0;0.08
712;528.0;0.08
713;308.0;0.08
714;660.0;0.08
715;660.0;0.08
716;220.0;0.08
717;484.0;0.08
718;440.0;0.08
719;804.0;0.08
720;484.0;0.08
721;660.0;0.08
722;708.0;0.08
723;352.0;0.08
724;616.0;0.08
725;264.0;0.08
726;176.0;0.08
727;352.0;0.08
728;804.0;0.08
729;804.0;0.08
730;708.0;0.08
731;660.0;0.08
732;132.0;0.08
733;484.0;0.08
734;440.0;0.08
735;220.0;0.08
736;996.0;0.08
737;616.0;0.08
738;616.0;0.08
739;264.0;0.08
740;440.0;0.08
741;528.0;0.08
742;484.0;0.08
743;948.0;0.08
744;352.0;0.08
745;756.0;0.08
746;484.0;0.08
747;756.0;0.08
748;484.0;0.08
749;756.0;0.08
750;396.0;0.08
751;900.0;0.08
752;396.0;0.08
753;616.0;0.08
754;804.0;0.08
755;440.0;0.08
756;220.0;0.08
757;1044.0;0.08
758;804.0;0.08
759;660.0;0.08
760;528.0;0.08
761;440.0;0.08
762;352.0;0.08
763;264.0;0.08
764;572.0;0.08
765;572.0;0.08
766;528.0;0.08
767;484.0;0.08
768;948.0;0.08
769;308.0;0.08
770;660.0;0.08
771;440.0;0.08
772;484.0;0.08
773;220.0;0.08
774;572.0;0.08
775;756.0;0.08
776;264.0;0.08
777;396.0;0.08
778;484.0;0.08
779;308.0;0.08
780;440.0;0.08
781;308.0;0.08
782;528.0;0.08
783;484.0;0.08
784;220.0;0.08
785;308.0;0.08
786;756.0;0.08
787;220.0;0.08
788;352.0;0.08
789;484.0;0.08
790;528.0;0.08
791;264.0;0.08
792;852.0;0.08
793;528.0;0.08
794;484.0;0.08
795;528.0;0.08
796;660.0;0.08
797;660.0;0.08
798;1284.0;0.08
799;264.0;0.08
800;176.0;0.08
801;756.0;0.08
802;616.0;0.08
803;396.0;0.08
804;484.0;0.08
805;708.0;0.08
806;756.0;0.08
807;396.0;0.08
808;708.0;0.08
809;660.0;0.08
810;756.0;0.08
811;616.0;0.08
812;528.0;0.08
813;660.0;0.08
814;528.0;0.08
815;660.0;0.08
816;352.0;0.08
817;616.0;0.08
818;804.0;0.08
819;352.0;0.08
820;616.0;0.08
821;308.0;0.08
822;616.0;0.08
823;396.0;0.08
824;660.0;0.08
825;528.0;0.08
826;660.0;0.08
827;660.0;0.08
828;484.0;0.08
829;352.0;0.08
830;396.0;0.08
831;660.0;0.08
832;660.0;0.08
833;352.0;0.08
834;396.0;0.08
835;616.0;0.08
836;572.0;0.08
837;264.0;0.08
838;660.0;0.08
839;660.0;0.08
840;484.0;0.08
841;616.0;0.08
842;660.0;0.08
843;484.0;0.08
844;756.0;0.08
845;352.0;0.08
846;440.0;0.08
847;572.0;0.08
848;264.0;0.08
849;440.0;0.08
850;264.0;0.08
851;308.0;0.08
852;484.0;0.08
853;1140.0;0.08
854;852.0;0.08
855;660.0;0.08
856;660.0;0.08
857;396.0;0.08
858;484.0;0.08
859;660.0;0.08
860;308.0;0.08
861;1140.0;0.08
862;616.0;0.08
863;528.0;0.08
864;616.0;0.08
865;660.0;0.08
866;756.0;0.08
867;264.0;0.08
868;484.0;0.08
869;528.0;0.08
870;756.0;0.08
871;484.0;0.08
872;528.0;0.08
873;220.0;0.08
874;660.0;0.08
875;616.0;0.08
876;264.0;0.08
877;440.0;0.08
878;660.0;0.08
879;484.0;0.08
880;660.0;0.08
881;756.0;0.08
882;708.0;0.08
883;264.0;0.08
884;352.0;0.08
885;484.0;0.08
886;264.0;0.08
887;708.0;0.08
888;528.0;0.08
889;440.0;0.08
890;484.0;0.08
891;308.0;0.08
892;572.0;0.08
893;440.0;0.08
894;528.0;0.08
895;572.0;0.08
896;528.0;0.08
897;572.0;0.08
898;440.0;0.08
899;396.0;0.08
900;440.0;0.08
901;396.0;0.08
902;660.0;0.08
903;484.0;0.08
904;352.0;0.08
905;660.0;0.08
906;528.0;0.08
907;396.0;0.08
908;572.0;0.08
909;756.0;0.08
910;660.0;0.08
911;308.0;0.08
912;660.0;0.08
913;308.0;0.08
914;528.0;0.08
915;708.0;0.08
916;572.0;0.08
917;572.0;0.08
918;1188.0;0.08
919;484.0;0.08
920;572.0;0.08
921;616.0;0.08
922;264.0;0.08
923;616.0;0.08
924;572.0;0.08
925;616.0;0.08
926;660.0;0.08
927;572.0;0.08
928;440.0;0.08
929;308.0;0.08
930;660.0;0.08
931;660.0;0.08
932;660.0;0.08
933;616.0;0.08
934;484.0;0.08
935;660.0;0.08
936;1284.0;0.08
937;948.0;0.08
938;352.0;0.08
939;396.0;0.08
940;572.0;0.08
941;264.0;0.08
942;1236.0;0.08
943;308.0;0.08
944;572.0;0.08
945;852.0;0.08
946;528.0;0.08
947;396.0;0.08
948;484.0;0.08
949;528.0;0.08
950;572.0;0.08
951;484.0;0.08
952;900.0;0.08
953;708.0;0.08
954;484.0;0.08
955;756.0;0.08
956;176.0;0.08
957;756.0;0.08
958;1044.0;0.08
959;528.0;0.08
960;660.0;0.08
961;804.0;0.08
962;264.0;0.08
963;660.0;0.08
964;264.0;0.08
965;528.0;0.08
966;308.0;0.08
967;616.0;0.08
968;660.0;0.08
969;660.0;0.08
970;572.0;0.08
971;616.0;0.08
972;528.0;0.08
973;660.0;0.08
974;352.0;0.08
975;616.0;0.08
976;572.0;0.08
977;484.0;0.08
978;484.0;0.08
979;660.0;0.08
980;440.0;0.08
981;396.0;0.08
982;484.0;0.08
983;900.0;0.08
984;352.0;0.08
985;440.0;0.08
986;528.0;0.08
987;572.0;0.08
988;616.0;0.08
989;264.0;0.08
990;660.0;0.08
991;660.0;0.08
992;528.0;0.08
993;804.0;0.08
994;220.0;0.08
995;308.0;0.08
996;660.0;0.08
997;352.0;0.08
998;396.0;0.08
999;484.0;0.08
1000;572.0;0.08
1001;948.0;0.08
1002;528.0;0.08
1003;900.0;0.08
1004;852.0;0.08
1005;756.0;0.08
1006;308.0;0.08
1007;440.0;0.08
1008;804.0;0.08
1009;616.0;0.08
1010;616.0;0.08
1011;1092.0;0.08
1012;440.0;0.08
1013;528.0;0.08
1014;660.0;0.08
1015;804.0;0.08
1016;708.0;0.08
1017;176.0;0.08
1018;660.0;0.08
1019;660.0;0.08
1020;572.0;0.08
1021;264.0;0.08
1022;660.0;0.08
1023;660.0;0.08
1024;352.0;0.08
1025;440.0;0.08
1026;852.0;0.08
1027;396.0;0.08
1028;308.0;0.08
1029;616.0;0.08
1030;396.0;0.08
1031;1484.0;0.08
1032;660.0;0.08
1033;528.0;0.08
1034;220.0;0.08
1035;708.0;0.08
1036;852.0;0.08
1037;948.0;0.08
1038;484.0;0.08
1039;440.0;0.08
1040;440.0;0.08
1041;528.0;0.08
1042;660.0;0.08
1043;1092.0;0.08
1044;528.0;0.08
1045;660.0;0.08
1046;660.0;0.08
1047;660.0;0.08
1048;660.0;0.08
1049;616.0;0.08
1050;572.0;0.08
1051;572.0;0.08
1052;1092.0;0.08
1053;572.0;0.08
1054;616.0;0.08
1055;484.0;0.08
1056;440.0;0.08
1057;220.0;0.08
1058;1188.0;0.08
1059;900.0;0.08
1060;528.0;0.08
1061;900.0;0.08
1062;484.0;0.08
1063;1140.0;0.08
1064;352.0;0.08
1065;660.0;0.08
1066;572.0;0.08
1067;660.0;0.08
1068;264.0;0.08
1069;616.0;0.08
1070;528.0;0.08
1071;756.0;0.08
1072;88.0;0.08
1073;220.0;0.08
1074;528.0;0.08
1075;708.0;0.08
1076;660.0;0.08
1077;484.0;0.08
1078;528.0;0.08
1079;616.0;0.08
1080;1332.0;0.08
1081;440.0;0.08
1082;352.0;0.08
1083;948.0;0.08
1084;396.0;0.08
1085;852.0;0.08
1086;396.0;0.08
1087;264.0;0.08
1088;660.0;0.08
1089;660.0;0.08
1090;756.0;0.08
1091;996.0;0.08
1092;528.0;0.08
1093;660.0;0.08
1094;440.0;0.08
1095;804.0;0.08
1096;900.0;0.08
1097;572.0;0.08
1098;616.0;0.08
1099;616.0;0.08
1100;264.0;0.08
1101;804.0;0.08
1102;484.0;0.08
1103;484.0;0.08
1104;660.0;0.08
1105;440.0;0.08
1106;572.0;0.08
1107;660.0;0.08
1108;616.0;0.08
1109;572.0;0.08
1110;708.0;0.08
1111;396.0;0.08
1112;308.0;0.08
1113;396.0;0.08
1114;572.0;0.08
1115;220.0;0.08
1116;176.0;0.08
1117;352.0;0.08
1118;708.0;0.08
1119;660.0;0.08
1120;804.0;0.08
1121;660.0;0.08
1122;660.0;0.08
1123;900.0;0.08
1124;852.0;0.08
1125;220.0;0.08
1126;616.0;0.08
1127;756.0;0.08
1128;660.0;0.08
1129;708.0;0.08
1130;660.0;0.08
1131;176.0;0.08
1132;264.0;0.08
1133;756.0;0.08
1134;900.0;0.08
1135;264.0;0.08
1136;660.0;0.08
1137;484.0;0.08
1138;352.0;0.08
1139;660.0;0.08
1140;572.0;0.08
1141;528.0;0.08
1142;756.0;0.08
1143;616.0;0.08
1144;660.0;0.08
1145;572.0;0.08
1146;660.0;0.08
1147;660.0;0.08
1148;660.0;0.08
1149;852.0;0.08
1150;396.0;0.08
1151;616.0;0.08
1152;352.0;0.08
1153;660.0;0.08
1154;1236.0;0.08
1155;440.0;0.08
1156;660.0;0.08
1157;660.0;0.08
1158;396.0;0.08
1159;352.0;0.08
1160;572.0;0.08
1161;484.0;0.08
1162;660.0;0.08
1163;572.0;0.08
1164;308.0;0.08
1165;852.0;0.08
1166;804.0;0.08
1167;804.0;0.08
1168;756.0;0.08
1169;572.0;0.08
1170;756.0;0.08
1171;660.0;0.08
1172;756.0;0.08
1173;528.0;0.08
1174;352.0;0.08
1175;396.0;0.08
1176;440.0;0.08
1177;852.0;0.08
1178;1044.0;0.08
1179;900.0;0.08
1180;756.0;0.08
1181;616.0;0.08
1182;528.0;0.08
1183;996.0;0.08
1184;948.0;0.08
1185;572.0;0.08
1186;852.0;0.08
1187;528.0;0.08
1188;852.0;0.08
1189;660.0;0.08
1190;484.0;0.08
1191;804.0;0.08
1192;660.0;0.08
1193;660.0;0.08
1194;528.0;0.08
1195;440.0;0.08
1196;352.0;0.08
1197;396.0;0.08
1198;1332.0;0.08
1199;660.0;0.08
1200;440.0;0.08
1201;528.0;0.08
1202;660.0;0.08
1203;484.0;0.08
1204;660.0;0.08
1205;528.0;0.08
1206;616.0;0.08
1207;616.0;0.08
1208;708.0;0.08
1209;852.0;0.08
1210;352.0;0.08
1211;396.0;0.08
1212;484.0;0.08
1213;352.0;0.08
1214;1284.0;0.08
1215;804.0;0.08
1216;528.0;0.08
1217;528.0;0.08
1218;308.0;0.08
1219;264.0;0.08
1220;804.0;0.08
1221;804.0;0.08
1222;948.0;0.08
1223;660.0;0.08
1224;660.0;0.08
1225;996.0;0.08
1226;1188.0;0.08
1227;616.0;0.08
1228;804.0;0.08
1229;900.0;0.08
1230;572.0;0.08
1231;528.0;0.08
1232;352.0;0.08
1233;708.0;0.08
1234;572.0;0.08
1235;900.0;0.08
1236;852.0;0.08
1237;756.0;0.08
1238;996.0;0.08
1239;352.0;0.08
1240;804.0;0.08
1241;804.0;0.08
1242;1092.0;0.08
1243;900.0;0.08
1244;804.0;0.08
1245;440.0;0.08
1246;264.0;0.08
1247;660.0;0.08
1248;948.0;0.08
1249;660.0;0.08
1250;176.0;0.08
1251;996.0;0.08
1252;900.0;0.08
1253;572.0;0.08
1254;852.0;0.08
1255;1484.0;0.08
1256;1044.0;0.08
1257;396.0;0.08
1258;756.0;0.08
1259;220.0;0.08
1260;804.0;0.08
1261;1044.0;0.08
1262;1140.0;0.08
1263;804.0;0.08
1264;528.0;0.08
1265;660.0;0.08
1266;948.0;0.08
1267;1284.0;0.08
1268;660.0;0.08
1269;308.0;0.08
1270;440.0;0.08
1271;572.0;0.08
1272;660.0;0.08
1273;948.0;0.08
1274;708.0;0.08
1275;756.0;0.08
1276;804.0;0.08
1277;948.0;0.08
1278;660.0;0.08
1279;756.0;0.08
1280;572.0;0.08
1281;528.0;0.08
1282;616.0;0.08
1283;756.0;0.08
1284;440.0;0.08
1285;484.0;0.08
1286;756.0;0.08
1287;1188.0;0.08
1288;708.0;0.08
1289;572.0;0.08
1290;440.0;0.08
1291;660.0;0.08
1292;660.0;0.08
1293;660.0;0.08
1294;352.0;0.08
1295;440.0;0.08
1296;616.0;0.08
1297;616.0;0.08
1298;440.0;0.08
1299;804.0;0.08
1300;660.0;0.08
1301;484.0;0.08
1302;1092.0;0.08
1303;220.0;0.08
1304;708.0;0.08
1305;484.0;0.08
1306;660.0;0.08
1307;660.0;0.08
1308;660.0;0.08
1309;396.0;0.08
1310;484.0;0.08
1311;708.0;0.08
1312;852.0;0.08
1313;396.0;0.08
1314;900.0;0.08
1315;1484.0;0.08
1316;804.0;0.08
1317;900.0;0.08
1318;660.0;0.08
1319;484.0;0.08
1320;616.0;0.08
1321;852.0;0.08
1322;572.0;0.08
1323;852.0;0.08
1324;308.0;0.08
1325;484.0;0.08
1326;852.0;0.08
1327;804.0;0.08
1328;756.0;0.08
1329;352.0;0.08
1330;852.0;0.08
1331;852.0;0.08
1332;1140.0;0.08
1333;484.0;0.08
1334;708.0;0.08
1335;572.0;0.08
1336;660.0;0.08
1337;660.0;0.08
1338;572.0;0.08
1339;804.0;0.08
1340;996.0;0.08
1341;708.0;0.08
1342;308.0;0.08
1343;660.0;0.08
1344;756.0;0.08
1345;308.0;0.08
1346;616.0;0.08
1347;660.0;0.08
1348;1092.0;0.08
1349;264.0;0.08
1350;804.0;0.08
1351;1188.0;0.08
1352;660.0;0.08
1353;660.0;0.08
1354;484.0;0.08
1355;484.0;0.08
1356;660.0;0.08
1357;352.0;0.08
1358;352.0;0.08
1359;852.0;0.08
1360;1236.0;0.08
1361;484.0;0.08
1362;900.0;0.08
1363;1044.0;0.08
1364;852.0;0.08
1365;572.0;0.08
1366;572.0;0.08
1367;616.0;0.08
1368;396.0;0.08
1369;996.0;0.08
1370;1092.0;0.08
1371;616.0;0.08
1372;1092.0;0.08
1373;616.0;0.08
1374;660.0;0.08
1375;900.0;0.08
1376;660.0;0.08
1377;708.0;0.08
1378;1044.0;0.08
1379;660.0;0.08
1380;528.0;0.08
1381;1284.0;0.08
1382;440.0;0.08
1383;660.0;0.08
1384;528.0;0.08
1385;804.0;0.08
1386;1332.0;0.08
1387;528.0;0.08
1388;484.0;0.08
1389;660.0;0.08
1390;1284.0;0.08
1391;900.0;0.08
1392;1140.0;0.08
1393;616.0;0.08
1394;1044.0;0.08
1395;660.0;0.08
1396;440.0;0.08
1397;1092.0;0.08
1398;852.0;0.08
1399;1188.0;0.08
1400;804.0;0.08
1401;440.0;0.08
1402;804.0;0.08
1403;1484.0;0.08
1404;708.0;0.08
1405;572.0;0.08
1406;308.0;0.08
1407;1236.0;0.08
1408;1092.0;0.08
1409;1432.0;0.08
1410;708.0;0.08
1411;616.0;0.08
1412;616.0;0.08
1413;572.0;0.08
1414;440.0;0.08
1415;660.0;0.08
1416;1092.0;0.08
1417;616.0;0.08
1418;1140.0;0.08
1419;572.0;0.08
1420;708.0;0.08
1421;484.0;0.08
1422;756.0;0.08
1423;1188.0;0.08
1424;804.0;0.08
1425;660.0;0.08
1426;900.0;0.08
1427;900.0;0.08
1428;484.0;0.08
1429;1092.0;0.08
1430;660.0;0.08
1431;264.0;0.08
1432;708.0;0.08
1433;900.0;0.08
1434;660.0;0.08
1435;484.0;0.08
1436;572.0;0.08
1437;900.0;0.08
1438;44.0;0.08
1439;484.0;0.08
1440;1332.0;0.08
1441;756.0;0.08
1442;660.0;0.08
1443;440.0;0.08
1444;352.0;0.08
1445;572.0;0.08
1446;900.0;0.08
1447;660.0;0.08
1448;352.0;0.08
1449;1284.0;0.08
1450;352.0;0.08
1451;708.0;0.08
1452;948.0;0.08
1453;484.0;0.08
1454;708.0;0.08
1455;660.0;0.08
1456;352.0;0.08
1457;484.0;0.08
1458;484.0;0.08
1459;756.0;0.08
1460;616.0;0.08
1461;352.0;0.08
1462;996.0;0.08
1463;572.0;0.08
1464;572.0;0.08
1465;708.0;0.08
1466;1140.0;0.08
1467;1284.0;0.08
1468;1092.0;0.08
1469;852.0;0.08
1470;660.0;0.08
1471;852.0;0.08
1472;176.0;0.08
1473;528.0;0.08
1474;528.0;0.08
1475;948.0;0.08
1476;756.0;0.08
1477;1188.0;0.08
1478;708.0;0.08
1479;756.0;0.08
1480;616.0;0.08
1481;440.0;0.08
1482;264.0;0.08
1483;1188.0;0.08
1484;616.0;0.08
1485;852.0;0.08
1486;756.0;0.08
1487;804.0;0.08
1488;264.0;0.08
1489;616.0;0.08
1490;1092.0;0.08
1491;708.0;0.08
1492;660.0;0.08
1493;1236.0;0.08
1494;1236.0;0.08
1495;1284.0;0.08
1496;264.0;0.08
1497;352.0;0.08
1498;660.0;0.08
1499;616.0;0.08
1500;852.0;0.08
1501;804.0;0.08
1502;900.0;0.08
1503;308.0;0.08
1504;1332.0;0.08
1505;708.0;0.08
1506;852.0;0.08
1507;440.0;0.08
1508;528.0;0.08
1509;1140.0;0.08
1510;852.0;0.08
1511;708.0;0.08
1512;660.0;0.08
1513;804.0;0.08
1514;396.0;0.08
1515;660.0;0.08
1516;616.0;0.08
1517;804.0;0.08
1518;572.0;0.08
1519;660.0;0.08
1520;852.0;0.08
1521;264.0;0.08
1522;948.0;0.08
1523;616.0;0.08
1524;616.0;0.08
1525;660.0;0.08
1526;572.0;0.08
1527;440.0;0.08
1528;900.0;0.08
1529;756.0;0.08
1530;852.0;0.08
1531;528.0;0.08
1532;852.0;0.08
1533;616.0;0.08
1534;804.0;0.08
1535;352.0;0.08
1536;852.0;0.08
1537;264.0;0.08
1538;660.0;0.08
1539;948.0;0.08
1540;708.0;0.08
1541;948.0;0.08
1542;528.0;0.08
1543;996.0;0.08
1544;528.0;0.08
1545;1092.0;0.08
1546;1236.0;0.08
1547;1188.0;0.08
1548;852.0;0.08
1549;352.0;0.08
1550;804.0;0.08
1551;708.0;0.08
1552;616.0;0.08
1553;1092.0;0.08
1554;1044.0;0.08
1555;1380.0;0.08
1556;308.0;0.08
1557;572.0;0.08
1558;616.0;0.08
1559;708.0;0.08
1560;852.0;0.08
1561;660.0;0.08
1562;528.0;0.08
1563;804.0;0.08
1564;708.0;0.08
1565;660.0;0.08
1566;1380.0;0.08
1567;396.0;0.08
1568;900.0;0.08
1569;708.0;0.08
1570;528.0;0.08
1571;176.0;0.08
1572;948.0;0.08
1573;900.0;0.08
1574;396.0;0.08
1575;948.0;0.08
1576;1092.0;0.08
1577;660.0;0.08
1578;660.0;0.08
1579;528.0;0.08
1580;1284.0;0.08
1581;708.0;0.08
1582;756.0;0.08
1583;572.0;0.08
1584;572.0;0.08
1585;572.0;0.08
1586;1284.0;0.08
1587;572.0;0.08
1588;616.0;0.08
1589;660.0;0.08
1590;1092.0;0.08
1591;660.0;0.08
1592;660.0;0.08
1593;660.0;0.08
1594;616.0;0.08
1595;616.0;0.08
1596;708.0;0.08
1597;1188.0;0.08
1598;572.0;0.08
1599;484.0;0.08
1600;660.0;0.08
1601;948.0;0.08
1602;572.0;0.08
1603;264.0;0.08
1604;440.0;0.08
1605;264.0;0.08
1606;804.0;0.08
1607;1140.0;0.08
1608;1140.0;0.08
1609;660.0;0.08
1610;660.0;0.08
1611;756.0;0.08
1612;1284.0;0.08
1613;660.0;0.08
1614;852.0;0.08
1615;264.0;0.08
1616;572.0;0.08
1617;708.0;0.08
1618;900.0;0.08
1619;660.0;0.08
1620;660.0;0.08
1621;1236.0;0.08
1622;660.0;0.08
1623;308.0;0.08
1624;852.0;0.08
1625;440.0;0.08
1626;616.0;0.08
1627;484.0;0.08
1628;804.0;0.08
1629;1236.0;0.08
1630;708.0;0.08
1631;708.0;0.08
1632;996.0;0.08
1633;660.0;0.08
1634;264.0;0.08
1635;948.0;0.08
1636;660.0;0.08
1637;1092.0;0.08
1638;1140.0;0.08
1639;1284.0;0.08
1640;996.0;0.08
1641;804.0;0.08
1642;572.0;0.08
1643;804.0;0.08
1644;308.0;0.08
1645;528.0;0.08
1646;852.0;0.08
1647;660.0;0.08
1648;660.0;0.08
1649;572.0;0.08
1650;660.0;0.08
1651;616.0;0.08
1652;264.0;0.08
1653;572.0;0.08
1654;996.0;0.08
1655;660.0;0.08
1656;660.0;0.08
1657;660.0;0.08
1658;852.0;0.08
1659;572.0;0.08
1660;660.0;0.08
1661;1484.0;0.08
1662;756.0;0.08
1663;484.0;0.08
1664;176.0;0.08
1665;708.0;0.08
1666;440.0;0.08
1667;1188.0;0.08
1668;660.0;0.08
1669;1236.0;0.08
1670;804.0;0.08
1671;1044.0;0.08
1672;756.0;0.08
1673;1092.0;0.08
1674;996.0;0.08
1675;616.0;0.08
1676;1092.0;0.08
1677;660.0;0.08
1678;660.0;0.08
1679;756.0;0.08
1680;528.0;0.08
1681;1236.0;0.08
1682;756.0;0.08
1683;616.0;0.08
1684;660.0;0.08
1685;996.0;0.08
1686;660.0;0.08
1687;804.0;0.08
1688;264.0;0.08
1689;264.0;0.08
1690;528.0;0.08
1691;996.0;0.08
1692;1380.0;0.08
1693;804.0;0.08
1694;484.0;0.08
1695;708.0;0.08
1696;756.0;0.08
1697;572.0;0.08
1698;528.0;0.08
1699;948.0;0.08
1700;616.0;0.08
1701;708.0;0.08
1702;900.0;0.08
1703;660.0;0.08
1704;1140.0;0.08
1705;440.0;0.08
1706;572.0;0.08
1707;220.0;0.08
1708;616.0;0.08
1709;1044.0;0.08
1710;1044.0;0.08
1711;1332.0;0.08
1712;660.0;0.08
1713;660.0;0.08
1714;660.0;0.08
1715;852.0;0.08
1716;528.0;0.08
1717;396.0;0.08
1718;1188.0;0.08
1719;948.0;0.08
1720;804.0;0.08
1721;440.0;0.08
1722;756.0;0.08
1723;1188.0;0.08
1724;660.0;0.08
1725;484.0;0.08
1726;440.0;0.08
1727;352.0;0.08
1728;996.0;0.08
1729;804.0;0.08
1730;756.0;0.08
1731;396.0;0.08
1732;308.0;0.08
1733;660.0;0.08
1734;1092.0;0.08
1735;660.0;0.08
1736;572.0;0.08
1737;572.0;0.08
1738;572.0;0.08
1739;440.0;0.08
1740;660.0;0.08
1741;1188.0;0.08
1742;660.0;0.08
1743;756.0;0.08
1744;220.0;0.08
1745;484.0;0.08
1746;996.0;0.08
1747;1236.0;0.08
1748;1848.0;0.08
1749;708.0;0.08
1750;1140.0;0.08
1751;660.0;0.08
1752;1140.0;0.08
1753;1380.0;0.08
1754;708.0;0.08
1755;1236.0;0.08
1756;852.0;0.08
1757;996.0;0.08
1758;528.0;0.08
1759;1092.0;0.08
1760;852.0;0.08
1761;352.0;0.08
1762;660.0;0.08
1763;616.0;0.08
1764;572.0;0.08
1765;264.0;0.08
1766;572.0;0.08
1767;756.0;0.08
1768;616.0;0.08
1769;396.0;0.08
1770;528.0;0.08
1771;804.0;0.08
1772;900.0;0.08
1773;1332.0;0.08
1774;484.0;0.08
1775;1044.0;0.08
1776;948.0;0.08
1777;948.0;0.08
1778;852.0;0.08
1779;804.0;0.08
1780;1236.0;0.08
1781;708.0;0.08
1782;660.0;0.08
1783;660.0;0.08
1784;1092.0;0.08
1785;660.0;0.08
1786;1284.0;0.08
1787;660.0;0.08
1788;900.0;0.08
1789;1092.0;0.08
1790;708.0;0.08
1791;484.0;0.08
1792;440.0;0.08
1793;996.0;0.08
1794;900.0;0.08
1795;1380.0;0.08
1796;396.0;0.08
1797;996.0;0.08
1798;756.0;0.08
1799;708.0;0.08
1800;396.0;0.08
1801;852.0;0.08
1802;708.0;0.08
1803;708.0;0.08
1804;804.0;0.08
1805;756.0;0.08
1806;996.0;0.08
1807;756.0;0.08
1808;660.0;0.08
1809;572.0;0.08
1810;900.0;0.08
1811;1284.0;0.08
1812;1236.0;0.08
1813;484.0;0.08
1814;396.0;0.08
1815;1092.0;0.08
1816;484.0;0.08
1817;708.0;0.08
1818;352.0;0.08
1819;660.0;0.08
1820;1484.0;0.08
1821;1140.0;0.08
1822;1044.0;0.08
1823;572.0;0.08
1824;352.0;0.08
1825;996.0;0.08
1826;900.0;0.08
1827;572.0;0.08
1828;616.0;0.08
1829;852.0;0.08
1830;756.0;0.08
1831;1092.0;0.08
1832;396.0;0.08
1833;1092.0;0.08
1834;528.0;0.08
1835;708.0;0.08
1836;220.0;0.08
1837;804.0;0.08
1838;756.0;0.08
1839;708.0;0.08
1840;1484.0;0.08
1841;996.0;0.08
1842;396.0;0.08
1843;660.0;0.08
1844;572.0;0.08
1845;756.0;0.08
1846;948.0;0.08
1847;852.0;0.08
1848;1140.0;0.08
1849;660.0;0.08
1850;900.0;0.08
1851;852.0;0.08
1852;1380.0;0.08
1853;616.0;0.08
1854;852.0;0.08
1855;1092.0;0.08
1856;1044.0;0.08
1857;1188.0;0.08
1858;660.0;0.08
1859;1092.0;0.08
1860;900.0;0.08
1861;708.0;0.08
1862;264.0;0.08
1863;756.0;0.08
1864;660.0;0.08
1865;440.0;0.08
1866;616.0;0.08
1867;948.0;0.08
1868;1332.0;0.08
1869;660.0;0.08
1870;660.0;0.08
1871;900.0;0.08
1872;660.0;0.08
1873;396.0;0.08
1874;996.0;0.08
1875;484.0;0.08
1876;264.0;0.08
1877;756.0;0.08
1878;852.0;0.08
1879;528.0;0.08
1880;948.0;0.08
1881;660.0;0.08
1882;900.0;0.08
1883;708.0;0.08
1884;996.0;0.08
1885;440.0;0.08
1886;1380.0;0.08
1887;528.0;0.08
1888;616.0;0.08
1889;660.0;0.08
1890;616.0;0.08
1891;948.0;0.08
1892;756.0;0.08
1893;660.0;0.08
1894;1380.0;0.08
1895;1188.0;0.08
1896;996.0;0.08
1897;660.0;0.08
1898;1332.0;0.08
1899;616.0;0.08
1900;1188.0;0.08
1901;996.0;0.08
1902;1092.0;0.08
1903;852.0;0.08
1904;572.0;0.08
1905;352.0;0.08
1906;900.0;0.08
1907;1044.0;0.08
1908;708.0;0.08
1909;1188.0;0.08
1910;484.0;0.08
1911;660.0;0.08
1912;1092.0;0.08
1913;528.0;0.08
1914;616.0;0.08
1915;1380.0;0.08
1916;1236.0;0.08
1917;1188.0;0.08
1918;1044.0;0.08
1919;308.0;0.08
1920;440.0;0.08
1921;1140.0;0.08
1922;484.0;0.08
1923;1188.0;0.08
1924;1044.0;0.08
1925;616.0;0.08
1926;1044.0;0.08
1927;1092.0;0.08
1928;996.0;0.08
1929;528.0;0.08
1930;852.0;0.08
1931;352.0;0.08
1932;1236.0;0.08
1933;572.0;0.08
1934;616.0;0.08
1935;804.0;0.08
1936;996.0;0.08
1937;660.0;0.08
1938;1188.0;0.08
1939;1284.0;0.08
1940;660.0;0.08
1941;484.0;0.08
1942;804.0;0.08
1943;616.0;0.08
1944;572.0;0.08
1945;708.0;0.08
1946;948.0;0.08
1947;1140.0;0.08
1948;948.0;0.08
1949;484.0;0.08
1950;1092.0;0.08
1951;708.0;0.08
1952;660.0;0.08
1953;1140.0;0.08
1954;528.0;0.08
1955;804.0;0.08
1956;1092.0;0.08
1957;948.0;0.08
1958;948.0;0.08
1959;440.0;0.08
1960;572.0;0.08
1961;660.0;0.08
1962;660.0;0.08
1963;804.0;0.08
1964;804.0;0.08
1965;900.0;0.08
1966;660.0;0.08
1967;996.0;0.08
1968;616.0;0.08
1969;756.0;0.08
1970;996.0;0.08
1971;660.0;0.08
1972;900.0;0.08
1973;852.0;0.08
1974;900.0;0.08
1975;484.0;0.08
1976;1332.0;0.08
1977;708.0;0.08
1978;660.0;0.08
1979;616.0;0.08
1980;756.0;0.08
1981;660.0;0.08
1982;660.0;0.08
1983;484.0;0.08
1984;852.0;0.08
1985;1044.0;0.08
1986;528.0;0.08
1987;1044.0;0.08
1988;1236.0;0.08
1989;528.0;0.08
1990;572.0;0.08
1991;756.0;0.08
1992;900.0;0.08
1993;852.0;0.08
1994;572.0;0.08
1995;660.0;0.08
1996;1432.0;0.08
1997;352.0;0.08
1998;616.0;0.08
1999;1188.0;0.08
2000;804.0;0.08
2001;996.0;0.08
2002;1380.0;0.08
2003;660.0;0.08
2004;1284.0;0.08
2005;756.0;0.08
2006;440.0;0.08
2007;804.0;0.08
2008;852.0;0.08
2009;804.0;0.08
2010;572.0;0.08
2011;708.0;0.08
2012;996.0;0.08
2013;900.0;0.08
2014;1796.0;0.08
2015;396.0;0.08
2016;756.0;0.08
2017;572.0;0.08
2018;1380.0;0.08
2019;660.0;0.08
2020;1188.0;0.08
2021;804.0;0.08
2022;948.0;0.08
2023;852.0;0.08
2024;616.0;0.08
2025;948.0;0.08
2026;852.0;0.08
2027;528.0;0.08
2028;708.0;0.08
2029;996.0;0.08
2030;1284.0;0.08
2031;1236.0;0.08
2032;528.0;0.08
2033;1284.0;0.08
2034;440.0;0.08
2035;996.0;0.08
2036;528.0;0.08
2037;528.0;0.08
2038;572.0;0.08
2039;660.0;0.08
2040;220.0;0.08
2041;1092.0;0.08
2042;616.0;0.08
2043;616.0;0.08
2044;756.0;0.08
2045;756.0;0.08
2046;660.0;0.08
2047;708.0;0.08
2048;756.0;0.08
2049;616.0;0.08
2050;756.0;0.08
2051;1380.0;0.08
2052;616.0;0.08
2053;708.0;0.08
2054;996.0;0.08
2055;220.0;0.08
2056;1044.0;0.08
2057;660.0;0.08
2058;660.0;0.08
2059;708.0;0.08
2060;996.0;0.08
2061;708.0;0.08
2062;1188.0;0.08
2063;1140.0;0.08
2064;528.0;0.08
2065;852.0;0.08
2066;528.0;0.08
2067;708.0;0.08
2068;852.0;0.08
2069;996.0;0.08
2070;528.0;0.08
2071;1044.0;0.08
2072;1188.0;0.08
2073;1092.0;0.08
2074;572.0;0.08
2075;1140.0;0.08
2076;1092.0;0.08
2077;1092.0;0.08
2078;900.0;0.08
2079;1284.0;0.08
2080;660.0;0.08
2081;996.0;0.08
2082;900.0;0.08
2083;660.0;0.08
2084;1044.0;0.08
2085;616.0;0.08
2086;948.0;0.08
2087;708.0;0.08
2088;1188.0;0.08
2089;660.0;0.08
2090;572.0;0.08
2091;1332.0;0.08
2092;1044.0;0.08
2093;708.0;0.08
2094;756.0;0.08
2095;756.0;0.08
2096;852.0;0.08
2097;352.0;0.08
2098;708.0;0.08
2099;660.0;0.08
2100;900.0;0.08
2101;660.0;0.08
2102;708.0;0.08
2103;528.0;0.08
2104;1332.0;0.08
2105;1380.0;0.08
2106;852.0;0.08
2107;900.0;0.08
2108;804.0;0.08
2109;1236.0;0.08
2110;1092.0;0.08
2111;1092.0;0.08
2112;1284.0;0.08
2113;572.0;0.08
2114;1044.0;0.08
2115;616.0;0.08
2116;660.0;0.08
2117;756.0;0.08
2118;708.0;0.08
2119;484.0;0.08
2120;396.0;0.08
2121;804.0;0.08
2122;900.0;0.08
2123;1140.0;0.08
2124;708.0;0.08
2125;616.0;0.08
2126;660.0;0.08
2127;176.0;0.08
2128;1092.0;0.08
2129;708.0;0.08
2130;1284.0;0.08
2131;756.0;0.08
2132;660.0;0.08
2133;756.0;0.08
2134;708.0;0.08
2135;1044.0;0.08
2136;660.0;0.08
2137;1140.0;0.08
2138;616.0;0.08
2139;660.0;0.08
2140;900.0;0.08
2141;660.0;0.08
2142;352.0;0.08
2143;1796.0;0.08
2144;572.0;0.08
2145;1236.0;0.08
2146;756.0;0.08
2147;1332.0;0.08
2148;852.0;0.08
2149;1284.0;0.08
2150;440.0;0.08
2151;660.0;0.08
2152;1044.0;0.08
2153;1692.0;0.08
2154;756.0;0.08
2155;996.0;0.08
2156;1236.0;0.08
2157;660.0;0.08
2158;948.0;0.08
2159;852.0;0.08
2160;660.0;0.08
2161;804.0;0.08
2162;660.0;0.08
2163;804.0;0.08
2164;756.0;0.08
2165;1092.0;0.08
2166;660.0;0.08
2167;660.0;0.08
2168;996.0;0.08
2169;1092.0;0.08
2170;948.0;0.08
2171;996.0;0.08
2172;1380.0;0.08
2173;352.0;0.08
2174;1432.0;0.08
2175;756.0;0.08
2176;484.0;0.08
2177;528.0;0.08
2178;660.0;0.08
2179;616.0;0.08
2180;616.0;0.08
2181;660.0;0.08
2182;708.0;0.08
2183;948.0;0.08
2184;948.0;0.08
2185;1140.0;0.08
2186;708.0;0.08
2187;660.0;0.08
2188;900.0;0.08
2189;1044.0;0.08
2190;804.0;0.08
2191;996.0;0.08
2192;756.0;0.08
2193;1284.0;0.08
2194;996.0;0.08
2195;396.0;0.08
2196;528.0;0.08
2197;660.0;0.08
2198;756.0;0.08
2199;1588.0;0.08
2200;660.0;0.08
2201;852.0;0.08
2202;756.0;0.08
2203;2108.0;0.08
2204;1092.0;0.08
2205;852.0;0.08
2206;756.0;0.08
2207;756.0;0.08
2208;948.0;0.08
2209;660.0;0.08
2210;1380.0;0.08
2211;660.0;0.08
2212;484.0;0.08
2213;708.0;0.08
2214;996.0;0.08
2215;1140.0;0.08
2216;804.0;0.08
2217;900.0;0.08
2218;756.0;0.08
2219;1044.0;0.08
2220;572.0;0.08
2221;948.0;0.08
2222;1332.0;0.08
2223;852.0;0.08
2224;996.0;0.08
2225;900.0;0.08
2226;484.0;0.08
2227;1236.0;0.08
2228;756.0;0.08
2229;1188.0;0.08
2230;660.0;0.08
2231;1140.0;0.08
2232;1536.0;0.08
2233;756.0;0.08
2234;1796.0;0.08
2235;1332.0;0.08
2236;804.0;0.08
2237;660.0;0.08
2238;804.0;0.08
2239;572.0;0.08
2240;1092.0;0.08
2241;528.0;0.08
2242;616.0;0.08
2243;1236.0;0.08
2244;1640.0;0.08
2245;708.0;0.08
2246;484.0;0.08
2247;852.0;0.08
2248;528.0;0.08
2249;660.0;0.08
2250;572.0;0.08
2251;708.0;0.08
2252;660.0;0.08
2253;1284.0;0.08
2254;660.0;0.08
2255;264.0;0.08
2256;1236.0;0.08
2257;1092.0;0.08
2258;900.0;0.08
2259;804.0;0.08
2260;804.0;0.08
2261;852.0;0.08
2262;1188.0;0.08
2263;900.0;0.08
2264;264.0;0.08
2265;1332.0;0.08
2266;996.0;0.08
2267;852.0;0.08
2268;948.0;0.08
2269;484.0;0.08
2270;756.0;0.08
2271;1380.0;0.08
2272;996.0;0.08
2273;1188.0;0.08
2274;572.0;0.08
2275;352.0;0.08
2276;852.0;0.08
2277;804.0;0.08
2278;948.0;0.08
2279;484.0;0.08
2280;616.0;0.08
2281;528.0;0.08
2282;1044.0;0.08
2283;660.0;0.08
2284;1380.0;0.08
2285;1236.0;0.08
2286;756.0;0.08
2287;1140.0;0.08
2288;660.0;0.08
2289;1380.0;0.08
2290;804.0;0.08
2291;948.0;0.08
2292;2384.0;0.08
2293;1044.0;0.08
2294;756.0;0.08
2295;308.0;0.08
2296;572.0;0.08
2297;616.0;0.08
2298;1284.0;0.08
2299;756.0;0.08
2300;756.0;0.08
2301;616.0;0.08
2302;484.0;0.08
2303;1744.0;0.08
2304;660.0;0.08
2305;660.0;0.08
2306;1092.0;0.08
2307;660.0;0.08
2308;616.0;0.08
2309;1044.0;0.08
2310;1380.0;0.08
2311;1140.0;0.08
2312;572.0;0.08
2313;660.0;0.08
2314;804.0;0.08
2315;852.0;0.08
2316;948.0;0.08
2317;1796.0;0.08
2318;996.0;0.08
2319;1332.0;0.08
2320;660.0;0.08
2321;708.0;0.08
2322;1284.0;0.08
2323;948.0;0.08
2324;308.0;0.08
2325;616.0;0.08
2326;660.0;0.08
2327;660.0;0.08
2328;1332.0;0.08
2329;852.0;0.08
2330;1044.0;0.08
2331;660.0;0.08
2332;852.0;0.08
2333;708.0;0.08
2334;1188.0;0.08
2335;484.0;0.08
2336;660.0;0.08
2337;1092.0;0.08
2338;1332.0;0.08
2339;1332.0;0.08
2340;804.0;0.08
2341;852.0;0.08
2342;852.0;0.08
2343;1092.0;0.08
2344;1432.0;0.08
2345;1044.0;0.08
2346;1188.0;0.08
2347;660.0;0.08
2348;708.0;0.08
2349;1284.0;0.08
2350;1332.0;0.08
2351;948.0;0.08
2352;900.0;0.08
2353;660.0;0.08
2354;1380.0;0.08
2355;352.0;0.08
2356;616.0;0.08
2357;352.0;0.08
2358;852.0;0.08
2359;756.0;0.08
2360;996.0;0.08
2361;1432.0;0.08
2362;1044.0;0.08
2363;528.0;0.08
2364;852.0;0.08
2365;900.0;0.08
2366;1188.0;0.08
2367;660.0;0.08
2368;756.0;0.08
2369;660.0;0.08
2370;1284.0;0.08
2371;1284.0;0.08
2372;1380.0;0.08
2373;1044.0;0.08
2374;996.0;0.08
2375;756.0;0.08
2376;660.0;0.08
2377;996.0;0.08
2378;1092.0;0.08
2379;1188.0;0.08
2380;440.0;0.08
2381;308.0;0.08
2382;1332.0;0.08
2383;660.0;0.08
2384;1140.0;0.08
2385;1952.0;0.08
2386;660.0;0.08
2387;1484.0;0.08
2388;1236.0;0.08
2389;1588.0;0.08
2390;900.0;0.08
2391;1044.0;0.08
2392;440.0;0.08
2393;948.0;0.08
2394;1140.0;0.08
2395;1284.0;0.08
2396;1092.0;0.08
2397;616.0;0.08
2398;708.0;0.08
2399;1140.0;0.08
2400;948.0;0.08
2401;852.0;0.08
2402;996.0;0.08
2403;852.0;0.08
2404;1236.0;0.08
2405;484.0;0.08
2406;708.0;0.08
2407;572.0;0.08
2408;572.0;0.08
2409;660.0;0.08
2410;660.0;0.08
2411;804.0;0.08
2412;900.0;0.08
2413;1140.0;0.08
2414;852.0;0.08
2415;1432.0;0.08
2416;1188.0;0.08
2417;660.0;0.08
2418;1044.0;0.08
2419;756.0;0.08
2420;708.0;0.08
2421;1380.0;0.08
2422;756.0;0.08
2423;572.0;0.08
2424;1380.0;0.08
2425;804.0;0.08
2426;900.0;0.08
2427;1848.0;0.08
2428;1140.0;0.08
2429;708.0;0.08
2430;660.0;0.08
2431;2056.0;0.08
2432;1692.0;0.08
2433;708.0;0.08
2434;660.0;0.08
2435;484.0;0.08
2436;756.0;0.08
2437;660.0;0.08
2438;900.0;0.08
2439;1188.0;0.08
2440;1140.0;0.08
2441;948.0;0.08
2442;396.0;0.08
2443;708.0;0.08
2444;1236.0;0.08
2445;264.0;0.08
2446;852.0;0.08
2447;996.0;0.08
2448;756.0;0.08
2449;996.0;0.08
2450;1380.0;0.08
2451;352.0;0.08
2452;1140.0;0.08
2453;804.0;0.08
2454;708.0;0.08
2455;1332.0;0.08
2456;484.0;0.08
2457;484.0;0.08
2458;1284.0;0.08
2459;1188.0;0.08
2460;440.0;0.08
2461;900.0;0.08
2462;948.0;0.08
2463;948.0;0.08
2464;1140.0;0.08
2465;616.0;0.08
2466;1284.0;0.08
2467;616.0;0.08
2468;660.0;0.08
2469;708.0;0.08
2470;572.0;0.08
2471;1140.0;0.08
2472;948.0;0.08
2473;756.0;0.08
2474;1092.0;0.08
2475;264.0;0.08
2476;1380.0;0.08
2477;708.0;0.08
2478;708.0;0.08
2479;852.0;0.08
2480;948.0;0.08
2481;616.0;0.08
2482;708.0;0.08
2483;396.0;0.08
2484;660.0;0.08
2485;900.0;0.08
2486;572.0;0.08
2487;804.0;0.08
2488;1236.0;0.08
2489;1380.0;0.08
2490;804.0;0.08
2491;1484.0;0.08
2492;1432.0;0.08
2493;352.0;0.08
2494;616.0;0.08
2495;1332.0;0.08
2496;1044.0;0.08
2497;484.0;0.08
2498;852.0;0.08
2499;308.0;0.08
2500;1588.0;0.08
2501;900.0;0.08
2502;352.0;0.08
2503;1380.0;0.08
2504;660.0;0.08
2505;1044.0;0.08
2506;1188.0;0.08
2507;1284.0;0.08
2508;484.0;0.08
2509;708.0;0.08
2510;1284.0;0.08
2511;804.0;0.08
2512;756.0;0.08
2513;756.0;0.08
2514;1044.0;0.08
2515;1284.0;0.08
2516;396.0;0.08
2517;1380.0;0.08
2518;1380.0;0.08
2519;660.0;0.08
2520;616.0;0.08
2521;1236.0;0.08
2522;1332.0;0.08
2523;1044.0;0.08
2524;996.0;0.08
2525;948.0;0.08
2526;484.0;0.08
2527;804.0;0.08
2528;1640.0;0.08
2529;1188.0;0.08
2530;440.0;0.08
2531;660.0;0.08
2532;1140.0;0.08
2533;756.0;0.08
2534;1284.0;0.08
2535;528.0;0.08
2536;804.0;0.08
2537;756.0;0.08
2538;1044.0;0.08
2539;1092.0;0.08
2540;1092.0;0.08
2541;660.0;0.08
2542;1588.0;0.08
2543;1188.0;0.08
2544;660.0;0.08
2545;616.0;0.08
2546;900.0;0.08
2547;804.0;0.08
2548;996.0;0.08
2549;1044.0;0.08
2550;1188.0;0.08
2551;1188.0;0.08
2552;804.0;0.08
2553;616.0;0.08
2554;804.0;0.08
2555;1952.0;0.08
2556;1044.0;0.08
2557;852.0;0.08
2558;1044.0;0.08
2559;528.0;0.08
2560;1092.0;0.08
2561;1044.0;0.08
2562;1380.0;0.08
2563;756.0;0.08
2564;996.0;0.08
2565;1284.0;0.08
2566;900.0;0.08
2567;900.0;0.08
2568;804.0;0.08
2569;1044.0;0.08
2570;660.0;0.08
2571;1900.0;0.08
2572;1236.0;0.08
2573;996.0;0.08
2574;756.0;0.08
2575;1140.0;0.08
2576;1140.0;0.08
2577;528.0;0.08
2578;1380.0;0.08
2579;852.0;0.08
2580;660.0;0.08
2581;804.0;0.08
2582;1796.0;0.08
2583;948.0;0.08
2584;1044.0;0.08
2585;756.0;0.08
2586;1640.0;0.08
2587;484.0;0.08
2588;756.0;0.08
2589;1284.0;0.08
2590;996.0;0.08
2591;660.0;0.08
2592;440.0;0.08
2593;572.0;0.08
2594;1536.0;0.08
2595;352.0;0.08
2596;616.0;0.08
2597;484.0;0.08
2598;528.0;0.08
2599;660.0;0.08
2600;1332.0;0.08
2601;1432.0;0.08
2602;660.0;0.08
2603;660.0;0.08
2604;852.0;0.08
2605;900.0;0.08
2606;996.0;0.08
2607;1236.0;0.08
2608;1188.0;0.08
2609;708.0;0.08
2610;1432.0;0.08
2611;1188.0;0.08
2612;708.0;0.08
2613;572.0;0.08
2614;572.0;0.08
2615;900.0;0.08
2616;440.0;0.08
2617;1744.0;0.08
2618;852.0;0.08
2619;1284.0;0.08
2620;616.0;0.08
2621;572.0;0.08
2622;1140.0;0.08
2623;1188.0;0.08
2624;1332.0;0.08
2625;2160.0;0.08
2626;996.0;0.08
2627;660.0;0.08
2628;1332.0;0.08
2629;900.0;0.08
2630;660.0;0.08
2631;1044.0;0.08
2632;572.0;0.08
2633;1432.0;0.08
2634;572.0;0.08
2635;1284.0;0.08
2636;484.0;0.08
2637;1188.0;0.08
2638;900.0;0.08
2639;1044.0;0.08
2640;616.0;0.08
2641;708.0;0.08
2642;1236.0;0.08
2643;708.0;0.08
2644;2384.0;0.08
2645;1380.0;0.08
2646;1692.0;0.08
2647;572.0;0.08
2648;1044.0;0.08
2649;708.0;0.08
2650;852.0;0.08
2651;660.0;0.08
2652;1044.0;0.08
2653;756.0;0.08
2654;948.0;0.08
2655;708.0;0.08
2656;804.0;0.08
2657;660.0;0.08
2658;804.0;0.08
2659;396.0;0.08
2660;852.0;0.08
2661;948.0;0.08
2662;756.0;0.08
2663;264.0;0.08
2664;264.0;0.08
2665;756.0;0.08
2666;660.0;0.08
2667;1380.0;0.08
2668;1140.0;0.08
2669;572.0;0.08
2670;900.0;0.08
2671;660.0;0.08
2672;616.0;0.08
2673;1432.0;0.08
2674;352.0;0.08
2675;660.0;0.08
2676;396.0;0.08
2677;1236.0;0.08
2678;804.0;0.08
2679;660.0;0.08
2680;1044.0;0.08
2681;900.0;0.08
2682;900.0;0.08
2683;1188.0;0.08
2684;616.0;0.08
2685;1536.0;0.08
2686;708.0;0.08
2687;756.0;0.08
2688;756.0;0.08
2689;1140.0;0.08
2690;708.0;0.08
2691;1380.0;0.08
2692;900.0;0.08
2693;1380.0;0.08
2694;660.0;0.08
2695;1900.0;0.08
2696;996.0;0.08
2697;1140.0;0.08
2698;1140.0;0.08
2699;852.0;0.08
2700;660.0;0.08
2701;708.0;0.08
2702;996.0;0.08
2703;1188.0;0.08
2704;948.0;0.08
2705;1140.0;0.08
2706;948.0;0.08
2707;528.0;0.08
2708;660.0;0.08
2709;1380.0;0.08
2710;996.0;0.08
2711;804.0;0.08
2712;660.0;0.08
2713;708.0;0.08
2714;660.0;0.08
2715;1188.0;0.08
2716;948.0;0.08
2717;660.0;0.08
2718;1484.0;0.08
2719;1236.0;0.08
2720;1284.0;0.08
2721;1092.0;0.08
2722;1284.0;0.08
2723;996.0;0.08
2724;708.0;0.08
2725;852.0;0.08
2726;804.0;0.08
2727;660.0;0.08
2728;756.0;0.08
2729;804.0;0.08
2730;1236.0;0.08
2731;996.0;0.08
2732;660.0;0.08
2733;708.0;0.08
2734;756.0;0.08
2735;1332.0;0.08
2736;616.0;0.08
2737;804.0;0.08
2738;948.0;0.08
2739;996.0;0.08
2740;660.0;0.08
2741;1044.0;0.08
2742;804.0;0.08
2743;708.0;0.08
2744;804.0;0.08
2745;708.0;0.08
2746;1640.0;0.08
2747;948.0;0.08
2748;616.0;0.08
2749;660.0;0.08
2750;1952.0;0.08
2751;852.0;0.08
2752;660.0;0.08
2753;1332.0;0.08
2754;440.0;0.08
2755;660.0;0.08
2756;484.0;0.08
2757;756.0;0.08
2758;660.0;0.08
2759;852.0;0.08
2760;1044.0;0.08
2761;996.0;0.08
2762;528.0;0.08
2763;708.0;0.08
2764;804.0;0.08
2765;804.0;0.08
2766;708.0;0.08
2767;756.0;0.08
2768;660.0;0.08
2769;756.0;0.08
2770;708.0;0.08
2771;1332.0;0.08
2772;1140.0;0.08
2773;1380.0;0.08
2774;616.0;0.08
2775;1848.0;0.08
2776;1188.0;0.08
2777;528.0;0.08
2778;1188.0;0.08
2779;996.0;0.08
2780;756.0;0.08
2781;616.0;0.08
2782;708.0;0.08
2783;1044.0;0.08
2784;1188.0;0.08
2785;616.0;0.08
2786;1092.0;0.08
2787;708.0;0.08
2788;660.0;0.08
2789;616.0;0.08
2790;996.0;0.08
2791;1332.0;0.08
2792;616.0;0.08
2793;948.0;0.08
2794;948.0;0.08
2795;1092.0;0.08
2796;852.0;0.08
2797;1092.0;0.08
2798;484.0;0.08
2799;756.0;0.08
2800;660.0;0.08
2801;484.0;0.08
2802;1332.0;0.08
2803;996.0;0.08
2804;528.0;0.08
2805;1484.0;0.08
2806;1188.0;0.08
2807;852.0;0.08
2808;948.0;0.08
2809;660.0;0.08
2810;900.0;0.08
2811;756.0;0.08
2812;708.0;0.08
2813;1188.0;0.08
2814;1380.0;0.08
2815;616.0;0.08
2816;708.0;0.08
2817;1380.0;0.08
2818;852.0;0.08
2819;708.0;0.08
2820;1092.0;0.08
2821;948.0;0.08
2822;308.0;0.08
2823;1044.0;0.08
2824;1952.0;0.08
2825;396.0;0.08
2826;1332.0;0.08
2827;440.0;0.08
2828;616.0;0.08
2829;660.0;0.08
2830;660.0;0.08
2831;708.0;0.08
2832;1140.0;0.08
2833;528.0;0.08
2834;900.0;0.08
2835;1044.0;0.08
2836;1044.0;0.08
2837;176.0;0.08
2838;852.0;0.08
2839;1044.0;0.08
2840;660.0;0.08
2841;1380.0;0.08
2842;1092.0;0.08
2843;440.0;0.08
2844;948.0;0.08
2845;996.0;0.08
2846;660.0;0.08
2847;1188.0;0.08
2848;1140.0;0.08
2849;948.0;0.08
2850;572.0;0.08
2851;1140.0;0.08
2852;1236.0;0.08
2853;996.0;0.08
2854;660.0;0.08
2855;616.0;0.08
2856;572.0;0.08
2857;528.0;0.08
2858;852.0;0.08
2859;804.0;0.08
2860;616.0;0.08
2861;352.0;0.08
2862;804.0;0.08
2863;660.0;0.08
2864;804.0;0.08
2865;1332.0;0.08
2866;948.0;0.08
2867;616.0;0.08
2868;756.0;0.08
2869;440.0;0.08
2870;1236.0;0.08
2871;852.0;0.08
2872;660.0;0.08
2873;1432.0;0.08
2874;616.0;0.08
2875;804.0;0.08
2876;1044.0;0.08
2877;528.0;0.08
2878;948.0;0.08
2879;756.0;0.08
2880;1236.0;0.08
2881;1380.0;0.08
2882;1236.0;0.08
2883;996.0;0.08
2884;1188.0;0.08
2885;528.0;0.08
2886;308.0;0.08
2887;708.0;0.08
2888;264.0;0.08
2889;996.0;0.08
2890;616.0;0.08
2891;660.0;0.08
2892;1284.0;0.08
2893;900.0;0.08
2894;1092.0;0.08
2895;1380.0;0.08
2896;708.0;0.08
2897;484.0;0.08
2898;660.0;0.08
2899;1140.0;0.08
2900;804.0;0.08
2901;708.0;0.08
2902;996.0;0.08
2903;804.0;0.08
2904;1332.0;0.08
2905;756.0;0.08
2906;660.0;0.08
2907;616.0;0.08
2908;756.0;0.08
2909;1140.0;0.08
2910;804.0;0.08
2911;1092.0;0.08
2912;900.0;0.08
2913;1284.0;0.08
2914;1432.0;0.08
2915;804.0;0.08
2916;708.0;0.08
2917;616.0;0.08
2918;1284.0;0.08
2919;852.0;0.08
2920;1092.0;0.08
2921;996.0;0.08
2922;948.0;0.08
2923;660.0;0.08
2924;1236.0;0.08
2925;1332.0;0.08
2926;1848.0;0.08
2927;996.0;0.08
2928;1332.0;0.08
2929;1380.0;0.08
2930;852.0;0.08
2931;1380.0;0.08
2932;1140.0;0.08
2933;852.0;0.08
2934;572.0;0.08
2935;948.0;0.08
2936;996.0;0.08
2937;948.0;0.08
2938;616.0;0.08
2939;756.0;0.08
2940;1044.0;0.08
2941;660.0;0.08
2942;996.0;0.08
2943;1236.0;0.08
2944;1588.0;0.08
2945;756.0;0.08
2946;396.0;0.08
2947;900.0;0.08
2948;660.0;0.08
2949;1284.0;0.08
2950;1332.0;0.08
2951;852.0;0.08
2952;852.0;0.08
2953;1432.0;0.08
2954;900.0;0.08
2955;440.0;0.08
2956;1044.0;0.08
2957;996.0;0.08
2958;616.0;0.08
2959;708.0;0.08
2960;660.0;0.08
2961;804.0;0.08
2962;852.0;0.08
2963;660.0;0.08
2964;852.0;0.08
2965;852.0;0.08
2966;660.0;0.08
2967;660.0;0.08
2968;1380.0;0.08
2969;528.0;0.08
2970;660.0;0.08
2971;176.0;0.08
2972;1284.0;0.08
2973;1092.0;0.08
2974;1236.0;0.08
2975;1044.0;0.08
2976;804.0;0.08
2977;484.0;0.08
2978;804.0;0.08
2979;308.0;0.08
2980;900.0;0.08
2981;1092.0;0.08
2982;1236.0;0.08
2983;900.0;0.08
2984;484.0;0.08
2985;1380.0;0.08
2986;396.0;0.08
2987;484.0;0.08
2988;1140.0;0.08
2989;852.0;0.08
2990;756.0;0.08
2991;1092.0;0.08
2992;900.0;0.08
2993;528.0;0.08
2994;1432.0;0.08
2995;756.0;0.08
2996;660.0;0.08
2997;1188.0;0.08
2998;1332.0;0.08
2999;660.0;0.08
3000;1332.0;0.08
3001;308.0;0.08
3002;708.0;0.08
3003;708.0;0.08
3004;852.0;0.08
3005;1380.0;0.08
3006;756.0;0.08
3007;852.0;0.08
3008;756.0;0.08
3009;948.0;0.08
3010;1044.0;0.08
3011;996.0;0.08
3012;948.0;0.08
3013;708.0;0.08
3014;1092.0;0.08
3015;572.0;0.08
3016;1188.0;0.08
3017;660.0;0.08
3018;1140.0;0.08
3019;900.0;0.08
3020;804.0;0.08
3021;1188.0;0.08
3022;708.0;0.08
3023;440.0;0.08
3024;948.0;0.08
3025;756.0;0.08
3026;996.0;0.08
3027;660.0;0.08
3028;1044.0;0.08
3029;1380.0;0.08
3030;616.0;0.08
3031;1380.0;0.08
3032;852.0;0.08
3033;308.0;0.08
3034;1092.0;0.08
3035;900.0;0.08
3036;1332.0;0.08
3037;484.0;0.08
3038;948.0;0.08
3039;616.0;0.08
3040;1044.0;0.08
3041;1092.0;0.08
3042;1432.0;0.08
3043;1140.0;0.08
3044;660.0;0.08
3045;660.0;0.08
3046;804.0;0.08
3047;1044.0;0.08
3048;756.0;0.08
3049;756.0;0.08
3050;804.0;0.08
3051;948.0;0.08
3052;1044.0;0.08
3053;1140.0;0.08
3054;852.0;0.08
3055;756.0;0.08
3056;1380.0;0.08
3057;900.0;0.08
3058;616.0;0.08
3059;756.0;0.08
3060;660.0;0.08
3061;528.0;0.08
3062;804.0;0.08
3063;660.0;0.08
3064;852.0;0.08
3065;852.0;0.08
3066;1236.0;0.08
3067;1092.0;0.08
3068;756.0;0.08
3069;1796.0;0.08
3070;996.0;0.08
3071;1380.0;0.08
3072;804.0;0.08
3073;1284.0;0.08
3074;1588.0;0.08
3075;572.0;0.08
3076;616.0;0.08
3077;1140.0;0.08
3078;1332.0;0.08
3079;660.0;0.08
3080;660.0;0.08
3081;948.0;0.08
3082;1092.0;0.08
3083;804.0;0.08
3084;1236.0;0.08
3085;660.0;0.08
3086;2108.0;0.08
3087;756.0;0.08
3088;804.0;0.08
3089;708.0;0.08
3090;484.0;0.08
3091;708.0;0.08
3092;660.0;0.08
3093;900.0;0.08
3094;708.0;0.08
3095;1332.0;0.08
3096;1188.0;0.08
3097;948.0;0.08
3098;756.0;0.08
3099;1236.0;0.08
3100;660.0;0.08
3101;900.0;0.08
3102;660.0;0.08
3103;572.0;0.08
3104;1380.0;0.08
3105;660.0;0.08
3106;1380.0;0.08
3107;352.0;0.08
3108;660.0;0.08
3109;1092.0;0.08
3110;756.0;0.08
3111;1140.0;0.08
3112;616.0;0.08
3113;1092.0;0.08
3114;996.0;0.08
3115;1092.0;0.08
3116;396.0;0.08
3117;528.0;0.08
3118;1952.0;0.08
3119;528.0;0.08
3120;528.0;0.08
3121;900.0;0.08
3122;756.0;0.08
3123;900.0;0.08
3124;1188.0;0.08
3125;660.0;0.08
3126;440.0;0.08
3127;756.0;0.08
3128;2160.0;0.08
3129;1380.0;0.08
3130;1536.0;0.08
3131;1484.0;0.08
3132;660.0;0.08
3133;1236.0;0.08
3134;1236.0;0.08
3135;264.0;0.08
3136;1044.0;0.08
3137;660.0;0.08
3138;1188.0;0.08
3139;756.0;0.08
3140;852.0;0.08
3141;660.0;0.08
3142;616.0;0.08
3143;1380.0;0.08
3144;616.0;0.08
3145;352.0;0.08
3146;756.0;0.08
3147;484.0;0.08
3148;660.0;0.08
3149;900.0;0.08
3150;1092.0;0.08
3151;996.0;0.08
3152;660.0;0.08
3153;660.0;0.08
3154;996.0;0.08
3155;996.0;0.08
3156;900.0;0.08
3157;1236.0;0.08
3158;1236.0;0.08
3159;660.0;0.08
3160;1332.0;0.08
3161;484.0;0.08
3162;484.0;0.08
3163;660.0;0.08
3164;1236.0;0.08
3165;1236.0;0.08
3166;1284.0;0.08
3167;756.0;0.08
3168;1284.0;0.08
3169;396.0;0.08
3170;1044.0;0.08
3171;996.0;0.08
3172;264.0;0.08
3173;804.0;0.08
3174;756.0;0.08
3175;852.0;0.08
3176;616.0;0.08
3177;1744.0;0.08
3178;484.0;0.08
3179;804.0;0.08
3180;660.0;0.08
3181;1044.0;0.08
3182;1284.0;0.08
3183;852.0;0.08
3184;756.0;0.08
3185;660.0;0.08
3186;572.0;0.08
3187;1188.0;0.08
3188;660.0;0.08
3189;1236.0;0.08
3190;1640.0;0.08
3191;1796.0;0.08
3192;1188.0;0.08
3193;804.0;0.08
3194;948.0;0.08
3195;804.0;0.08
3196;756.0;0.08
3197;440.0;0.08
3198;1284.0;0.08
3199;660.0;0.08
3200;1380.0;0.08
3201;616.0;0.08
3202;660.0;0.08
3203;1188.0;0.08
3204;804.0;0.08
3205;660.0;0.08
3206;1188.0;0.08
3207;572.0;0.08
3208;804.0;0.08
3209;572.0;0.08
3210;1380.0;0.08
3211;1140.0;0.08
3212;660.0;0.08
3213;852.0;0.08
3214;1092.0;0.08
3215;1380.0;0.08
3216;1092.0;0.08
3217;616.0;0.08
3218;1432.0;0.08
3219;396.0;0.08
3220;1044.0;0.08
3221;528.0;0.08
3222;660.0;0.08
3223;804.0;0.08
3224;1332.0;0.08
3225;996.0;0.08
3226;804.0;0.08
3227;528.0;0.08
3228;484.0;0.08
3229;572.0;0.08
3230;756.0;0.08
3231;1140.0;0.08
3232;1284.0;0.08
3233;528.0;0.08
3234;1092.0;0.08
3235;440.0;0.08
3236;852.0;0.08
3237;1332.0;0.08
3238;948.0;0.08
3239;948.0;0.08
3240;572.0;0.08
3241;1380.0;0.08
3242;616.0;0.08
3243;1140.0;0.08
3244;572.0;0.08
3245;1284.0;0.08
3246;616.0;0.08
3247;996.0;0.08
3248;756.0;0.08
3249;1332.0;0.08
3250;396.0;0.08
3251;804.0;0.08
3252;264.0;0.08
3253;616.0;0.08
3254;1188.0;0.08
3255;660.0;0.08
3256;996.0;0.08
3257;852.0;0.08
3258;900.0;0.08
3259;616.0;0.08
3260;804.0;0.08
3261;756.0;0.08
3262;852.0;0.08
3263;852.0;0.08
3264;1332.0;0.08
3265;1092.0;0.08
3266;1332.0;0.08
3267;804.0;0.08
3268;852.0;0.08
3269;708.0;0.08
3270;2004.0;0.08
3271;440.0;0.08
3272;660.0;0.08
3273;660.0;0.08
3274;804.0;0.08
3275;1284.0;0.08
3276;1140.0;0.08
3277;948.0;0.08
3278;804.0;0.08
3279;572.0;0.08
3280;1236.0;0.08
3281;572.0;0.08
3282;484.0;0.08
3283;660.0;0.08
3284;572.0;0.08
3285;660.0;0.08
3286;1188.0;0.08
3287;804.0;0.08
3288;352.0;0.08
3289;528.0;0.08
3290;996.0;0.08
3291;804.0;0.08
3292;1284.0;0.08
3293;1236.0;0.08
3294;756.0;0.08
3295;1432.0;0.08
3296;1796.0;0.08
3297;996.0;0.08
3298;1044.0;0.08
3299;660.0;0.08
3300;996.0;0.08
3301;900.0;0.08
3302;616.0;0.08
3303;1332.0;0.08
3304;1092.0;0.08
3305;852.0;0.08
3306;756.0;0.08
3307;660.0;0.08
3308;1536.0;0.08
3309;1044.0;0.08
3310;996.0;0.08
3311;900.0;0.08
3312;1284.0;0.08
3313;660.0;0.08
3314;352.0;0.08
3315;1140.0;0.08
3316;1380.0;0.08
3317;660.0;0.08
3318;1380.0;0.08
3319;1380.0;0.08
3320;1236.0;0.08
3321;528.0;0.08
3322;1640.0;0.08
3323;1380.0;0.08
3324;1284.0;0.08
3325;660.0;0.08
3326;660.0;0.08
3327;1848.0;0.08
3328;1692.0;0.08
3329;948.0;0.08
3330;996.0;0.08
3331;996.0;0.08
3332;948.0;0.08
3333;804.0;0.08
3334;1044.0;0.08
3335;660.0;0.08
3336;1092.0;0.08
3337;572.0;0.08
3338;1236.0;0.08
3339;1744.0;0.08
3340;660.0;0.08
3341;1332.0;0.08
3342;708.0;0.08
3343;616.0;0.08
3344;1536.0;0.08
3345;440.0;0.08
3346;264.0;0.08
3347;1188.0;0.08
3348;804.0;0.08
3349;804.0;0.08
3350;2108.0;0.08
3351;396.0;0.08
3352;572.0;0.08
3353;1380.0;0.08
3354;1284.0;0.08
3355;900.0;0.08
3356;1188.0;0.08
3357;948.0;0.08
3358;1140.0;0.08
3359;616.0;0.08
3360;528.0;0.08
3361;660.0;0.08
3362;852.0;0.08
3363;1044.0;0.08
3364;996.0;0.08
3365;1188.0;0.08
3366;660.0;0.08
3367;660.0;0.08
3368;1332.0;0.08
3369;756.0;0.08
3370;660.0;0.08
3371;1796.0;0.08
3372;1092.0;0.08
3373;440.0;0.08
3374;996.0;0.08
3375;756.0;0.08
3376;352.0;0.08
3377;804.0;0.08
3378;948.0;0.08
3379;440.0;0.08
3380;900.0;0.08
3381;1092.0;0.08
3382;756.0;0.08
3383;1188.0;0.08
3384;660.0;0.08
3385;756.0;0.08
3386;1952.0;0.08
3387;1332.0;0.08
3388;948.0;0.08
3389;804.0;0.08
3390;1284.0;0.08
3391;900.0;0.08
3392;996.0;0.08
3393;660.0;0.08
3394;1284.0;0.08
3395;1092.0;0.08
3396;948.0;0.08
3397;1332.0;0.08
3398;1236.0;0.08
3399;1188.0;0.08
3400;176.0;0.08
3401;900.0;0.08
3402;1332.0;0.08
3403;440.0;0.08
3404;804.0;0.08
3405;756.0;0.08
3406;708.0;0.08
3407;852.0;0.08
3408;572.0;0.08
3409;1236.0;0.08
3410;616.0;0.08
3411;1044.0;0.08
3412;1380.0;0.08
3413;616.0;0.08
3414;1188.0;0.08
3415;996.0;0.08
3416;1380.0;0.08
3417;804.0;0.08
3418;660.0;0.08
3419;1092.0;0.08
3420;572.0;0.08
3421;996.0;0.08
3422;948.0;0.08
3423;616.0;0.08
3424;1588.0;0.08
3425;756.0;0.08
3426;528.0;0.08
3427;660.0;0.08
3428;1332.0;0.08
3429;660.0;0.08
3430;1284.0;0.08
3431;1332.0;0.08
3432;756.0;0.08
3433;616.0;0.08
3434;900.0;0.08
3435;528.0;0.08
3436;660.0;0.08
3437;352.0;0.08
3438;440.0;0.08
3439;660.0;0.08
3440;1284.0;0.08
3441;804.0;0.08
3442;484.0;0.08
3443;616.0;0.08
3444;528.0;0.08
3445;948.0;0.08
3446;708.0;0.08
3447;1044.0;0.08
3448;1692.0;0.08
3449;852.0;0.08
3450;1236.0;0.08
3451;756.0;0.08
3452;528.0;0.08
3453;852.0;0.08
3454;900.0;0.08
3455;1188.0;0.08
3456;948.0;0.08
3457;1140.0;0.08
3458;616.0;0.08
3459;1332.0;0.08
3460;852.0;0.08
3461;852.0;0.08
3462;804.0;0.08
3463;1188.0;0.08
3464;440.0;0.08
3465;572.0;0.08
3466;1236.0;0.08
3467;616.0;0.08
3468;804.0;0.08
3469;1140.0;0.08
3470;1140.0;0.08
3471;1332.0;0.08
3472;1140.0;0.08
3473;1092.0;0.08
3474;660.0;0.08
3475;660.0;0.08
3476;484.0;0.08
3477;660.0;0.08
3478;1044.0;0.08
3479;1140.0;0.08
3480;660.0;0.08
3481;1188.0;0.08
3482;660.0;0.08
3483;660.0;0.08
3484;1044.0;0.08
3485;756.0;0.08
3486;308.0;0.08
3487;572.0;0.08
3488;804.0;0.08
3489;572.0;0.08
3490;852.0;0.08
3491;660.0;0.08
3492;1236.0;0.08
3493;1140.0;0.08
3494;996.0;0.08
3495;1188.0;0.08
3496;948.0;0.08
3497;1380.0;0.08
3498;804.0;0.08
3499;660.0;0.08
3500;528.0;0.08
3501;1140.0;0.08
3502;852.0;0.08
3503;572.0;0.08
3504;1332.0;0.08
3505;1380.0;0.08
3506;264.0;0.08
3507;1044.0;0.08
3508;852.0;0.08
3509;900.0;0.08
3510;1140.0;0.08
3511;1284.0;0.08
3512;756.0;0.08
3513;660.0;0.08
3514;572.0;0.08
3515;572.0;0.08
3516;660.0;0.08
3517;852.0;0.08
3518;1432.0;0.08
3519;900.0;0.08
3520;900.0;0.08
3521;708.0;0.08
3522;1092.0;0.08
3523;1044.0;0.08
3524;660.0;0.08
3525;264.0;0.08
3526;660.0;0.08
3527;484.0;0.08
3528;660.0;0.08
3529;948.0;0.08
3530;572.0;0.08
3531;1284.0;0.08
3532;1044.0;0.08
3533;852.0;0.08
3534;528.0;0.08
3535;1044.0;0.08
3536;900.0;0.08
3537;660.0;0.08
3538;852.0;0.08
3539;352.0;0.08
3540;572.0;0.08
3541;396.0;0.08
3542;660.0;0.08
3543;996.0;0.08
3544;852.0;0.08
3545;1188.0;0.08
3546;1284.0;0.08
3547;756.0;0.08
3548;396.0;0.08
3549;660.0;0.08
3550;660.0;0.08
3551;1188.0;0.08
3552;1284.0;0.08
3553;756.0;0.08
3554;948.0;0.08
3555;572.0;0.08
3556;756.0;0.08
3557;1536.0;0.08
3558;660.0;0.08
3559;996.0;0.08
3560;1188.0;0.08
3561;996.0;0.08
3562;1284.0;0.08
3563;660.0;0.08
3564;1952.0;0.08
3565;660.0;0.08
3566;852.0;0.08
3567;1284.0;0.08
3568;756.0;0.08
3569;1380.0;0.08
3570;660.0;0.08
3571;852.0;0.08
3572;1692.0;0.08
3573;1092.0;0.08
3574;852.0;0.08
3575;708.0;0.08
3576;900.0;0.08
3577;852.0;0.08
3578;1044.0;0.08
3579;756.0;0.08
3580;440.0;0.08
3581;572.0;0.08
3582;616.0;0.08
3583;484.0;0.08
3584;220.0;0.08
3585;660.0;0.08
3586;804.0;0.08
3587;1044.0;0.08
3588;1588.0;0.08
3589;756.0;0.08
3590;756.0;0.08
3591;660.0;0.08
3592;396.0;0.08
3593;996.0;0.08
3594;528.0;0.08
3595;616.0;0.08
3596;756.0;0.08
3597;1380.0;0.08
3598;1092.0;0.08
3599;948.0;0.08
3600;1332.0;0.08
3601;308.0;0.08
3602;660.0;0.08
3603;352.0;0.08
3604;660.0;0.08
3605;708.0;0.08
3606;804.0;0.08
3607;996.0;0.08
3608;440.0;0.08
3609;756.0;0.08
3610;1432.0;0.08
3611;948.0;0.08
3612;572.0;0.08
3613;616.0;0.08
3614;900.0;0.08
3615;756.0;0.08
3616;1188.0;0.08
3617;660.0;0.08
3618;804.0;0.08
3619;756.0;0.08
3620;660.0;0.08
3621;852.0;0.08
3622;900.0;0.08
3623;528.0;0.08
3624;440.0;0.08
3625;708.0;0.08
3626;1380.0;0.08
3627;996.0;0.08
3628;900.0;0.08
3629;616.0;0.08
3630;708.0;0.08
3631;1140.0;0.08
3632;660.0;0.08
3633;1380.0;0.08
3634;308.0;0.08
3635;1188.0;0.08
3636;1380.0;0.08
3637;948.0;0.08
3638;1092.0;0.08
3639;900.0;0.08
3640;660.0;0.08
3641;660.0;0.08
3642;660.0;0.08
3643;1140.0;0.08
3644;572.0;0.08
3645;900.0;0.08
3646;660.0;0.08
3647;852.0;0.08
3648;1380.0;0.08
3649;804.0;0.08
3650;708.0;0.08
3651;660.0;0.08
3652;616.0;0.08
3653;1044.0;0.08
3654;1044.0;0.08
3655;852.0;0.08
3656;708.0;0.08
3657;660.0;0.08
3658;804.0;0.08
3659;756.0;0.08
3660;756.0;0.08
3661;528.0;0.08
3662;1044.0;0.08
3663;1044.0;0.08
3664;1092.0;0.08
3665;352.0;0.08
3666;1092.0;0.08
3667;1188.0;0.08
3668;1380.0;0.08
3669;1092.0;0.08
3670;616.0;0.08
3671;804.0;0.08
3672;1092.0;0.08
3673;1484.0;0.08
3674;852.0;0.08
3675;528.0;0.08
3676;572.0;0.08
3677;616.0;0.08
3678;572.0;0.08
3679;2636.0;0.08
3680;756.0;0.08
3681;996.0;0.08
3682;708.0;0.08
3683;484.0;0.08
3684;660.0;0.08
3685;484.0;0.08
3686;1380.0;0.08
3687;616.0;0.08
3688;1092.0;0.08
3689;900.0;0.08
3690;1380.0;0.08
3691;804.0;0.08
3692;660.0;0.08
3693;660.0;0.08
3694;996.0;0.08
3695;1332.0;0.08
3696;756.0;0.08
3697;1092.0;0.08
3698;616.0;0.08
3699;1092.0;0.08
3700;1044.0;0.08
3701;1188.0;0.08
3702;440.0;0.08
3703;660.0;0.08
3704;484.0;0.08
3705;352.0;0.08
3706;1380.0;0.08
3707;996.0;0.08
3708;948.0;0.08
3709;1332.0;0.08
3710;900.0;0.08
3711;660.0;0.08
3712;1188.0;0.08
3713;948.0;0.08
3714;2004.0;0.08
3715;1236.0;0.08
3716;1332.0;0.08
3717;660.0;0.08
3718;948.0;0.08
3719;1536.0;0.08
3720;660.0;0.08
3721;572.0;0.08
3722;900.0;0.08
3723;900.0;0.08
3724;1044.0;0.08
3725;1744.0;0.08
3726;352.0;0.08
3727;1044.0;0.08
3728;756.0;0.08
3729;756.0;0.08
3730;1140.0;0.08
3731;660.0;0.08
3732;1332.0;0.08
3733;948.0;0.08
3734;852.0;0.08
3735;660.0;0.08
3736;484.0;0.08
3737;1284.0;0.08
3738;996.0;0.08
3739;948.0;0.08
3740;996.0;0.08
3741;996.0;0.08
3742;852.0;0.08
3743;756.0;0.08
3744;900.0;0.08
3745;756.0;0.08
3746;660.0;0.08
3747;1044.0;0.08
3748;660.0;0.08
3749;804.0;0.08
3750;948.0;0.08
3751;484.0;0.08
3752;804.0;0.08
3753;1092.0;0.08
3754;948.0;0.08
3755;996.0;0.08
3756;900.0;0.08
3757;900.0;0.08
3758;1284.0;0.08
3759;1900.0;0.08
3760;1380.0;0.08
3761;660.0;0.08
3762;1332.0;0.08
3763;1092.0;0.08
3764;1380.0;0.08
3765;528.0;0.08
3766;948.0;0.08
3767;804.0;0.08
3768;948.0;0.08
3769;1236.0;0.08
3770;804.0;0.08
3771;852.0;0.08
3772;900.0;0.08
3773;1236.0;0.08
3774;756.0;0.08
3775;804.0;0.08
3776;900.0;0.08
3777;804.0;0.08
3778;660.0;0.08
3779;1380.0;0.08
3780;708.0;0.08
3781;1140.0;0.08
3782;660.0;0.08
3783;708.0;0.08
3784;572.0;0.08
3785;804.0;0.08
3786;1044.0;0.08
3787;1044.0;0.08
3788;572.0;0.08
3789;1284.0;0.08
3790;1284.0;0.08
3791;1044.0;0.08
3792;1692.0;0.08
3793;660.0;0.08
3794;660.0;0.08
3795;660.0;0.08
3796;708.0;0.08
3797;616.0;0.08
3798;708.0;0.08
3799;396.0;0.08
3800;1380.0;0.08
3801;660.0;0.08
3802;660.0;0.08
3803;948.0;0.08
3804;616.0;0.08
3805;616.0;0.08
3806;660.0;0.08
3807;804.0;0.08
3808;948.0;0.08
3809;660.0;0.08
3810;660.0;0.08
3811;1284.0;0.08
3812;660.0;0.08
3813;708.0;0.08
3814;996.0;0.08
3815;996.0;0.08
3816;1380.0;0.08
3817;1092.0;0.08
3818;572.0;0.08
3819;572.0;0.08
3820;1380.0;0.08
3821;660.0;0.08
3822;1332.0;0.08
3823;1380.0;0.08
3824;660.0;0.08
3825;660.0;0.08
3826;756.0;0.08
3827;996.0;0.08
3828;1188.0;0.08
3829;708.0;0.08
3830;1380.0;0.08
3831;660.0;0.08
3832;708.0;0.08
3833;900.0;0.08
3834;708.0;0.08
3835;804.0;0.08
3836;756.0;0.08
3837;852.0;0.08
3838;660.0;0.08
3839;1044.0;0.08
3840;1188.0;0.08
3841;1188.0;0.08
3842;1140.0;0.08
3843;1284.0;0.08
3844;852.0;0.08
3845;616.0;0.08
3846;1140.0;0.08
3847;756.0;0.08
3848;1188.0;0.08
3849;660.0;0.08
3850;396.0;0.08
3851;1044.0;0.08
3852;708.0;0.08
3853;660.0;0.08
3854;1044.0;0.08
3855;1092.0;0.08
3856;1332.0;0.08
3857;948.0;0.08
3858;572.0;0.08
3859;660.0;0.08
3860;804.0;0.08
3861;708.0;0.08
3862;756.0;0.08
3863;660.0;0.08
3864;900.0;0.08
3865;660.0;0.08
3866;804.0;0.08
3867;1432.0;0.08
3868;708.0;0.08
3869;616.0;0.08
3870;852.0;0.08
3871;708.0;0.08
3872;708.0;0.08
3873;1236.0;0.08
3874;1092.0;0.08
3875;352.0;0.08
3876;1140.0;0.08
3877;1140.0;0.08
3878;616.0;0.08
3879;1796.0;0.08
3880;900.0;0.08
3881;1092.0;0.08
3882;948.0;0.08
3883;572.0;0.08
3884;572.0;0.08
3885;572.0;0.08
3886;528.0;0.08
3887;1092.0;0.08
3888;660.0;0.08
3889;616.0;0.08
3890;756.0;0.08
3891;948.0;0.08
3892;1236.0;0.08
3893;572.0;0.08
3894;996.0;0.08
3895;804.0;0.08
3896;804.0;0.08
3897;804.0;0.08
3898;1848.0;0.08
3899;804.0;0.08
3900;660.0;0.08
3901;900.0;0.08
3902;660.0;0.08
3903;948.0;0.08
3904;1380.0;0.08
3905;660.0;0.08
3906;1236.0;0.08
3907;1140.0;0.08
3908;1332.0;0.08
3909;804.0;0.08
3910;1236.0;0.08
3911;1236.0;0.08
3912;756.0;0.08
3913;616.0;0.08
3914;852.0;0.08
3915;1484.0;0.08
3916;1236.0;0.08
3917;1188.0;0.08
3918;616.0;0.08
3919;1284.0;0.08
3920;708.0;0.08
3921;852.0;0.08
3922;1332.0;0.08
3923;1380.0;0.08
3924;572.0;0.08
3925;1188.0;0.08
3926;756.0;0.08
3927;1140.0;0.08
3928;756.0;0.08
3929;996.0;0.08
3930;1380.0;0.08
3931;660.0;0.08
3932;1380.0;0.08
3933;660.0;0.08
3934;616.0;0.08
3935;852.0;0.08
3936;1140.0;0.08
3937;660.0;0.08
3938;660.0;0.08
3939;616.0;0.08
3940;528.0;0.08
3941;756.0;0.08
3942;616.0;0.08
3943;1140.0;0.08
3944;900.0;0.08
3945;1188.0;0.08
3946;572.0;0.08
3947;440.0;0.08
3948;660.0;0.08
3949;528.0;0.08
3950;708.0;0.08
3951;852.0;0.08
3952;900.0;0.08
3953;528.0;0.08
3954;1092.0;0.08
3955;1380.0;0.08
3956;1140.0;0.08
3957;900.0;0.08
3958;484.0;0.08
3959;852.0;0.08
3960;264.0;0.08
3961;1092.0;0.08
3962;1284.0;0.08
3963;1188.0;0.08
3964;852.0;0.08
3965;1044.0;0.08
3966;440.0;0.08
3967;616.0;0.08
3968;660.0;0.08
3969;1332.0;0.08
3970;756.0;0.08
3971;616.0;0.08
3972;708.0;0.08
3973;756.0;0.08
3974;660.0;0.08
3975;1332.0;0.08
3976;660.0;0.08
3977;1332.0;0.08
3978;756.0;0.08
3979;616.0;0.08
3980;708.0;0.08
3981;708.0;0.08
3982;804.0;0.08
3983;804.0;0.08
3984;660.0;0.08
3985;1332.0;0.08
3986;900.0;0.08
3987;852.0;0.08
3988;1188.0;0.08
3989;900.0;0.08
3990;900.0;0.08
3991;1236.0;0.08
3992;996.0;0.08
3993;1380.0;0.08
3994;708.0;0.08
3995;756.0;0.08
3996;352.0;0.08
3997;1284.0;0.08
3998;484.0;0.08
3999;804.0;0.08
4000;804.0;0.08
4001;1140.0;0.08
4002;528.0;0.08
4003;572.0;0.08
4004;804.0;0.08
4005;948.0;0.08
4006;948.0;0.08
4007;1140.0;0.08
4008;660.0;0.08
4009;1092.0;0.08
4010;1092.0;0.08
4011;1332.0;0.08
4012;1380.0;0.08
4013;616.0;0.08
4014;852.0;0.08
4015;572.0;0.08
4016;804.0;0.08
4017;1380.0;0.08
4018;1140.0;0.08
4019;708.0;0.08
4020;1332.0;0.08
4021;660.0;0.08
4022;1284.0;0.08
4023;1092.0;0.08
4024;708.0;0.08
4025;900.0;0.08
4026;660.0;0.08
4027;528.0;0.08
4028;1188.0;0.08
4029;1140.0;0.08
4030;1380.0;0.08
4031;804.0;0.08
4032;900.0;0.08
4033;804.0;0.08
4034;1092.0;0.08
4035;1092.0;0.08
4036;996.0;0.08
4037;852.0;0.08
4038;616.0;0.08
4039;572.0;0.08
4040;1536.0;0.08
4041;756.0;0.08
4042;852.0;0.08
4043;1640.0;0.08
4044;1188.0;0.08
4045;804.0;0.08
4046;804.0;0.08
4047;996.0;0.08
4048;660.0;0.08
4049;1640.0;0.08
4050;852.0;0.08
4051;1588.0;0.08
4052;1332.0;0.08
4053;804.0;0.08
4054;1284.0;0.08
4055;528.0;0.08
4056;660.0;0.08
4057;1092.0;0.08
4058;756.0;0.08
4059;660.0;0.08
4060;804.0;0.08
4061;616.0;0.08
4062;1284.0;0.08
4063;660.0;0.08
4064;756.0;0.08
4065;1044.0;0.08
4066;804.0;0.08
4067;804.0;0.08
4068;660.0;0.08
4069;804.0;0.08
4070;708.0;0.08
4071;852.0;0.08
4072;900.0;0.08
4073;1140.0;0.08
4074;852.0;0.08
4075;1284.0;0.08
4076;708.0;0.08
4077;1044.0;0.08
4078;440.0;0.08
4079;804.0;0.08
4080;1284.0;0.08
4081;1044.0;0.08
4082;1044.0;0.08
4083;528.0;0.08
4084;1140.0;0.08
4085;756.0;0.08
4086;756.0;0.08
4087;996.0;0.08
4088;996.0;0.08
4089;708.0;0.08
4090;1332.0;0.08
4091;1140.0;0.08
4092;1140.0;0.08
4093;900.0;0.08
4094;852.0;0.08
4095;708.0;0.08
4096;1236.0;0.08
4097;996.0;0.08
4098;900.0;0.08
4099;1380.0;0.08
4100;948.0;0.08
4101;852.0;0.08
4102;1140.0;0.08
4103;1188.0;0.08
4104;852.0;0.08
4105;660.0;0.08
4106;852.0;0.08
4107;852.0;0.08
4108;756.0;0.08
4109;572.0;0.08
4110;616.0;0.08
4111;852.0;0.08
4112;1044.0;0.08
4113;756.0;0.08
4114;1092.0;0.08
4115;852.0;0.08
4116;900.0;0.08
4117;1188.0;0.08
4118;660.0;0.08
4119;528.0;0.08
4120;1380.0;0.08
4121;1236.0;0.08
4122;1188.0;0.08
4123;528.0;0.08
4124;1140.0;0.08
4125;396.0;0.08
4126;852.0;0.08
4127;1380.0;0.08
4128;660.0;0.08
4129;1284.0;0.08
4130;708.0;0.08
4131;948.0;0.08
4132;804.0;0.08
4133;1744.0;0.08
4134;528.0;0.08
4135;708.0;0.08
4136;756.0;0.08
4137;1092.0;0.08
4138;756.0;0.08
4139;1044.0;0.08
4140;1284.0;0.08
4141;396.0;0.08
4142;1140.0;0.08
4143;616.0;0.08
4144;660.0;0.08
4145;1140.0;0.08
4146;804.0;0.08
4147;1380.0;0.08
4148;1380.0;0.08
4149;1044.0;0.08
4150;708.0;0.08
4151;852.0;0.08
4152;1332.0;0.08
4153;572.0;0.08
4154;660.0;0.08
4155;1284.0;0.08
4156;996.0;0.08
4157;756.0;0.08
4158;756.0;0.08
4159;852.0;0.08
4160;756.0;0.08
4161;1236.0;0.08
4162;1236.0;0.08
4163;948.0;0.08
4164;1380.0;0.08
4165;708.0;0.08
4166;1380.0;0.08
4167;1640.0;0.08
4168;1332.0;0.08
4169;900.0;0.08
4170;756.0;0.08
4171;756.0;0.08
4172;1332.0;0.08
4173;996.0;0.08
4174;264.0;0.08
4175;756.0;0.08
4176;1092.0;0.08
4177;660.0;0.08
4178;1536.0;0.08
4179;1284.0;0.08
4180;756.0;0.08
4181;396.0;0.08
4182;1380.0;0.08
4183;616.0;0.08
4184;616.0;0.08
4185;852.0;0.08
4186;572.0;0.08
4187;660.0;0.08
4188;1188.0;0.08
4189;1380.0;0.08
4190;1332.0;0.08
4191;660.0;0.08
4192;660.0;0.08
4193;948.0;0.08
4194;996.0;0.08
4195;900.0;0.08
4196;852.0;0.08
4197;1640.0;0.08
4198;1380.0;0.08
4199;1236.0;0.08
4200;660.0;0.08
4201;948.0;0.08
4202;1536.0;0.08
4203;660.0;0.08
4204;756.0;0.08
4205;996.0;0.08
4206;1284.0;0.08
4207;1284.0;0.08
4208;1236.0;0.08
4209;900.0;0.08
4210;1092.0;0.08
4211;660.0;0.08
4212;996.0;0.08
4213;572.0;0.08
4214;804.0;0.08
4215;852.0;0.08
4216;1236.0;0.08
4217;708.0;0.08
4218;708.0;0.08
4219;660.0;0.08
4220;1044.0;0.08
4221;264.0;0.08
4222;1536.0;0.08
4223;948.0;0.08
4224;660.0;0.08
4225;948.0;0.08
4226;660.0;0.08
4227;1188.0;0.08
4228;484.0;0.08
4229;528.0;0.08
4230;804.0;0.08
4231;1236.0;0.08
4232;852.0;0.08
4233;1332.0;0.08
4234;1380.0;0.08
4235;1284.0;0.08
4236;804.0;0.08
4237;1188.0;0.08
4238;852.0;0.08
4239;756.0;0.08
4240;708.0;0.08
4241;660.0;0.08
4242;948.0;0.08
4243;1092.0;0.08
4244;804.0;0.08
4245;1380.0;0.08
4246;1284.0;0.08
4247;996.0;0.08
4248;1092.0;0.08
4249;572.0;0.08
4250;948.0;0.08
4251;660.0;0.08
4252;900.0;0.08
4253;804.0;0.08
4254;996.0;0.08
4255;948.0;0.08
4256;660.0;0.08
4257;1092.0;0.08
4258;1332.0;0.08
4259;1380.0;0.08
4260;852.0;0.08
4261;660.0;0.08
4262;660.0;0.08
4263;1484.0;0.08
4264;708.0;0.08
4265;1044.0;0.08
4266;1140.0;0.08
4267;708.0;0.08
4268;1284.0;0.08
4269;660.0;0.08
4270;1536.0;0.08
4271;440.0;0.08
4272;1044.0;0.08
4273;1188.0;0.08
4274;660.0;0.08
4275;756.0;0.08
4276;1588.0;0.08
4277;852.0;0.08
4278;1236.0;0.08
4279;1692.0;0.08
4280;660.0;0.08
4281;852.0;0.08
4282;1092.0;0.08
4283;804.0;0.08
4284;852.0;0.08
4285;1188.0;0.08
4286;996.0;0.08
4287;660.0;0.08
4288;1092.0;0.08
4289;1236.0;0.08
4290;1092.0;0.08
4291;660.0;0.08
4292;2160.0;0.08
4293;660.0;0.08
4294;996.0;0.08
4295;804.0;0.08
4296;1140.0;0.08
4297;948.0;0.08
4298;1236.0;0.08
4299;308.0;0.08
4300;1640.0;0.08
4301;852.0;0.08
4302;1284.0;0.08
4303;996.0;0.08
4304;900.0;0.08
4305;1092.0;0.08
4306;1044.0;0.08
4307;660.0;0.08
4308;1092.0;0.08
4309;1284.0;0.08
4310;1236.0;0.08
4311;484.0;0.08
4312;1140.0;0.08
4313;616.0;0.08
4314;1484.0;0.08
4315;1284.0;0.08
4316;1332.0;0.08
4317;708.0;0.08
4318;1092.0;0.08
4319;900.0;0.08
4320;756.0;0.08
4321;1332.0;0.08
4322;996.0;0.08
4323;528.0;0.08
4324;1044.0;0.08
4325;1536.0;0.08
4326;1188.0;0.08
4327;804.0;0.08
4328;852.0;0.08
4329;660.0;0.08
4330;804.0;0.08
4331;1044.0;0.08
4332;660.0;0.08
4333;660.0;0.08
4334;708.0;0.08
4335;852.0;0.08
4336;852.0;0.08
4337;948.0;0.08
4338;804.0;0.08
4339;1380.0;0.08
4340;1380.0;0.08
4341;1380.0;0.08
4342;756.0;0.08
4343;1692.0;0.08
4344;1380.0;0.08
4345;996.0;0.08
4346;852.0;0.08
4347;1380.0;0.08
4348;660.0;0.08
4349;1140.0;0.08
4350;756.0;0.08
4351;1380.0;0.08
4352;1236.0;0.08
4353;528.0;0.08
4354;1140.0;0.08
4355;756.0;0.08
4356;1044.0;0.08
4357;572.0;0.08
4358;660.0;0.08
4359;1092.0;0.08
4360;996.0;0.08
4361;1188.0;0.08
4362;1332.0;0.08
4363;948.0;0.08
4364;852.0;0.08
4365;660.0;0.08
4366;1484.0;0.08
4367;1332.0;0.08
4368;660.0;0.08
4369;1284.0;0.08
4370;616.0;0.08
4371;948.0;0.08
4372;660.0;0.08
4373;804.0;0.08
4374;1380.0;0.08
4375;756.0;0.08
4376;756.0;0.08
4377;528.0;0.08
4378;1140.0;0.08
4379;1236.0;0.08
4380;1332.0;0.08
4381;572.0;0.08
4382;804.0;0.08
4383;1432.0;0.08
4384;756.0;0.08
4385;660.0;0.08
4386;660.0;0.08
4387;660.0;0.08
4388;616.0;0.08
4389;660.0;0.08
4390;1236.0;0.08
4391;440.0;0.08
4392;948.0;0.08
4393;660.0;0.08
4394;1744.0;0.08
4395;948.0;0.08
4396;756.0;0.08
4397;660.0;0.08
4398;1092.0;0.08
4399;1044.0;0.08
4400;484.0;0.08
4401;1588.0;0.08
4402;660.0;0.08
4403;900.0;0.08
4404;1140.0;0.08
4405;1044.0;0.08
4406;708.0;0.08
4407;948.0;0.08
4408;1236.0;0.08
4409;660.0;0.08
4410;996.0;0.08
4411;1044.0;0.08
4412;804.0;0.08
4413;852.0;0.08
4414;616.0;0.08
4415;1140.0;0.08
4416;1380.0;0.08
4417;572.0;0.08
4418;804.0;0.08
4419;528.0;0.08
4420;1092.0;0.08
4421;852.0;0.08
4422;2496.0;0.08
4423;484.0;0.08
4424;708.0;0.08
4425;1188.0;0.08
4426;1188.0;0.08
4427;1284.0;0.08
4428;660.0;0.08
4429;1380.0;0.08
4430;756.0;0.08
4431;528.0;0.08
4432;1380.0;0.08
4433;852.0;0.08
4434;1044.0;0.08
4435;1044.0;0.08
4436;616.0;0.08
4437;1188.0;0.08
4438;528.0;0.08
4439;1092.0;0.08
4440;852.0;0.08
4441;1044.0;0.08
4442;1044.0;0.08
4443;804.0;0.08
4444;572.0;0.08
4445;996.0;0.08
4446;1044.0;0.08
4447;1332.0;0.08
4448;948.0;0.08
4449;996.0;0.08
4450;616.0;0.08
4451;660.0;0.08
4452;572.0;0.08
4453;756.0;0.08
4454;1380.0;0.08
4455;1044.0;0.08
4456;756.0;0.08
4457;948.0;0.08
4458;1284.0;0.08
4459;1332.0;0.08
4460;1092.0;0.08
4461;660.0;0.08
4462;660.0;0.08
4463;708.0;0.08
4464;900.0;0.08
4465;756.0;0.08
4466;2384.0;0.08
4467;900.0;0.08
4468;2004.0;0.08
4469;1236.0;0.08
4470;708.0;0.08
4471;1140.0;0.08
4472;660.0;0.08
4473;660.0;0.08
4474;1188.0;0.08
4475;756.0;0.08
4476;1044.0;0.08
4477;708.0;0.08
4478;756.0;0.08
4479;1692.0;0.08
4480;1380.0;0.08
4481;1044.0;0.08
4482;996.0;0.08
4483;1380.0;0.08
4484;1188.0;0.08
4485;900.0;0.08
4486;1380.0;0.08
4487;1140.0;0.08
4488;1236.0;0.08
4489;852.0;0.08
4490;996.0;0.08
4491;1744.0;0.08
4492;852.0;0.08
4493;660.0;0.08
4494;660.0;0.08
4495;616.0;0.08
4496;1380.0;0.08
4497;756.0;0.08
4498;616.0;0.08
4499;1044.0;0.08
4500;756.0;0.08
4501;660.0;0.08
4502;440.0;0.08
4503;1140.0;0.08
4504;996.0;0.08
4505;1044.0;0.08
4506;572.0;0.08
4507;948.0;0.08
4508;1140.0;0.08
4509;616.0;0.08
4510;1236.0;0.08
4511;1380.0;0.08
4512;804.0;0.08
4513;1044.0;0.08
4514;1744.0;0.08
4515;616.0;0.08
4516;440.0;0.08
4517;804.0;0.08
4518;852.0;0.08
4519;1692.0;0.08
4520;948.0;0.08
4521;852.0;0.08
4522;708.0;0.08
4523;1140.0;0.08
4524;1236.0;0.08
4525;996.0;0.08
4526;756.0;0.08
4527;1284.0;0.08
4528;996.0;0.08
4529;352.0;0.08
4530;804.0;0.08
4531;804.0;0.08
4532;1044.0;0.08
4533;1380.0;0.08
4534;756.0;0.08
4535;900.0;0.08
4536;708.0;0.08
4537;660.0;0.08
4538;1588.0;0.08
4539;1092.0;0.08
4540;1092.0;0.08
4541;948.0;0.08
4542;1484.0;0.08
4543;1092.0;0.08
4544;948.0;0.08
4545;1092.0;0.08
4546;1140.0;0.08
4547;308.0;0.08
4548;708.0;0.08
4549;900.0;0.08
4550;1092.0;0.08
4551;660.0;0.08
4552;756.0;0.08
4553;616.0;0.08
4554;616.0;0.08
4555;1092.0;0.08
4556;1140.0;0.08
4557;1332.0;0.08
4558;996.0;0.08
4559;1284.0;0.08
4560;616.0;0.08
4561;1236.0;0.08
4562;708.0;0.08
4563;996.0;0.08
4564;2804.0;0.08
4565;1044.0;0.08
4566;1380.0;0.08
4567;660.0;0.08
4568;616.0;0.08
4569;900.0;0.08
4570;1044.0;0.08
4571;1092.0;0.08
4572;708.0;0.08
4573;852.0;0.08
4574;660.0;0.08
4575;1432.0;0.08
4576;1188.0;0.08
4577;1236.0;0.08
4578;852.0;0.08
4579;528.0;0.08
4580;756.0;0.08
4581;660.0;0.08
4582;1188.0;0.08
4583;2004.0;0.08
4584;1332.0;0.08
4585;1332.0;0.08
4586;804.0;0.08
4587;996.0;0.08
4588;1640.0;0.08
4589;660.0;0.08
4590;1236.0;0.08
4591;660.0;0.08
4592;804.0;0.08
4593;572.0;0.08
4594;660.0;0.08
4595;852.0;0.08
4596;948.0;0.08
4597;1332.0;0.08
4598;852.0;0.08
4599;1380.0;0.08
4600;1284.0;0.08
4601;1140.0;0.08
4602;996.0;0.08
4603;1092.0;0.08
4604;2108.0;0.08
4605;948.0;0.08
4606;852.0;0.08
4607;660.0;0.08
4608;484.0;0.08
4609;948.0;0.08
4610;1092.0;0.08
4611;948.0;0.08
4612;616.0;0.08
4613;660.0;0.08
4614;852.0;0.08
4615;1044.0;0.08
4616;1044.0;0.08
4617;852.0;0.08
4618;1140.0;0.08
4619;852.0;0.08
4620;616.0;0.08
4621;264.0;0.08
4622;900.0;0.08
4623;1236.0;0.08
4624;1332.0;0.08
4625;1140.0;0.08
4626;1380.0;0.08
4627;852.0;0.08
4628;660.0;0.08
4629;1284.0;0.08
4630;1188.0;0.08
4631;996.0;0.08
4632;616.0;0.08
4633;1332.0;0.08
4634;660.0;0.08
4635;1236.0;0.08
4636;1188.0;0.08
4637;1236.0;0.08
4638;1380.0;0.08
4639;1044.0;0.08
4640;1092.0;0.08
4641;1284.0;0.08
4642;1092.0;0.08
4643;528.0;0.08
4644;1380.0;0.08
4645;1044.0;0.08
4646;396.0;0.08
4647;1484.0;0.08
4648;1188.0;0.08
4649;708.0;0.08
4650;1044.0;0.08
4651;900.0;0.08
4652;900.0;0.08
4653;660.0;0.08
4654;1744.0;0.08
4655;1380.0;0.08
4656;900.0;0.08
4657;996.0;0.08
4658;1188.0;0.08
4659;1588.0;0.08
4660;660.0;0.08
4661;1380.0;0.08
4662;1188.0;0.08
4663;1432.0;0.08
4664;756.0;0.08
4665;1744.0;0.08
4666;900.0;0.08
4667;1484.0;0.08
4668;1284.0;0.08
4669;852.0;0.08
4670;1044.0;0.08
4671;616.0;0.08
4672;756.0;0.08
4673;1380.0;0.08
4674;1188.0;0.08
4675;1140.0;0.08
4676;1900.0;0.08
4677;1484.0;0.08
4678;756.0;0.08
4679;528.0;0.08
4680;1188.0;0.08
4681;1284.0;0.08
4682;804.0;0.08
4683;2056.0;0.08
4684;948.0;0.08
4685;1848.0;0.08
4686;616.0;0.08
4687;660.0;0.08
4688;1332.0;0.08
4689;2160.0;0.08
4690;756.0;0.08
4691;708.0;0.08
4692;996.0;0.08
4693;660.0;0.08
4694;616.0;0.08
4695;804.0;0.08
4696;756.0;0.08
4697;1140.0;0.08
4698;708.0;0.08
4699;660.0;0.08
4700;1380.0;0.08
4701;1380.0;0.08
4702;528.0;0.08
4703;1044.0;0.08
4704;1188.0;0.08
4705;1380.0;0.08
4706;852.0;0.08
4707;1332.0;0.08
4708;1536.0;0.08
4709;756.0;0.08
4710;1380.0;0.08
4711;1380.0;0.08
4712;1092.0;0.08
4713;1140.0;0.08
4714;996.0;0.08
4715;660.0;0.08
4716;1380.0;0.08
4717;1044.0;0.08
4718;1284.0;0.08
4719;756.0;0.08
4720;708.0;0.08
4721;900.0;0.08
4722;1380.0;0.08
4723;1188.0;0.08
4724;1332.0;0.08
4725;616.0;0.08
4726;616.0;0.08
4727;660.0;0.08
4728;1188.0;0.08
4729;1380.0;0.08
4730;1796.0;0.08
4731;1236.0;0.08
4732;528.0;0.08
4733;804.0;0.08
4734;660.0;0.08
4735;1188.0;0.08
4736;996.0;0.08
4737;900.0;0.08
4738;756.0;0.08
4739;1284.0;0.08
4740;1092.0;0.08
4741;804.0;0.08
4742;852.0;0.08
4743;1188.0;0.08
4744;1188.0;0.08
4745;1332.0;0.08
4746;804.0;0.08
4747;1188.0;0.08
4748;1044.0;0.08
4749;2216.0;0.08
4750;708.0;0.08
4751;528.0;0.08
4752;708.0;0.08
4753;660.0;0.08
4754;1044.0;0.08
4755;948.0;0.08
4756;1092.0;0.08
4757;1188.0;0.08
4758;1140.0;0.08
4759;804.0;0.08
4760;1044.0;0.08
4761;660.0;0.08
4762;708.0;0.08
4763;1380.0;0.08
4764;708.0;0.08
4765;660.0;0.08
4766;1044.0;0.08
4767;804.0;0.08
4768;900.0;0.08
4769;804.0;0.08
4770;1092.0;0.08
4771;1796.0;0.08
4772;852.0;0.08
4773;900.0;0.08
4774;708.0;0.08
4775;1140.0;0.08
4776;660.0;0.08
4777;660.0;0.08
4778;1092.0;0.08
4779;616.0;0.08
4780;708.0;0.08
4781;572.0;0.08
4782;708.0;0.08
4783;996.0;0.08
4784;1236.0;0.08
4785;996.0;0.08
4786;996.0;0.08
4787;996.0;0.08
4788;1284.0;0.08
4789;660.0;0.08
4790;1044.0;0.08
4791;948.0;0.08
4792;1284.0;0.08
4793;1744.0;0.08
4794;996.0;0.08
4795;1432.0;0.08
4796;1092.0;0.08
4797;660.0;0.08
4798;1900.0;0.08
4799;1484.0;0.08
4800;572.0;0.08
4801;1380.0;0.08
4802;1332.0;0.08
4803;1900.0;0.08
4804;1140.0;0.08
4805;1236.0;0.08
4806;756.0;0.08
4807;660.0;0.08
4808;660.0;0.08
4809;1140.0;0.08
4810;1536.0;0.08
4811;1044.0;0.08
4812;804.0;0.08
4813;1588.0;0.08
4814;1044.0;0.08
4815;1332.0;0.08
4816;708.0;0.08
4817;1044.0;0.08
4818;1380.0;0.08
4819;1092.0;0.08
4820;996.0;0.08
4821;660.0;0.08
4822;900.0;0.08
4823;900.0;0.08
4824;1044.0;0.08
4825;660.0;0.08
4826;2056.0;0.08
4827;708.0;0.08
4828;1332.0;0.08
4829;660.0;0.08
4830;616.0;0.08
4831;708.0;0.08
4832;2108.0;0.08
4833;440.0;0.08
4834;660.0;0.08
4835;1380.0;0.08
4836;572.0;0.08
4837;2004.0;0.08
4838;852.0;0.08
4839;1380.0;0.08
4840;1900.0;0.08
4841;1432.0;0.08
4842;352.0;0.08
4843;660.0;0.08
4844;804.0;0.08
4845;660.0;0.08
4846;996.0;0.08
4847;1640.0;0.08
4848;756.0;0.08
4849;1044.0;0.08
4850;1332.0;0.08
4851;1536.0;0.08
4852;900.0;0.08
4853;1140.0;0.08
4854;1432.0;0.08
4855;948.0;0.08
4856;756.0;0.08
4857;2004.0;0.08
4858;804.0;0.08
4859;2004.0;0.08
4860;1380.0;0.08
4861;1188.0;0.08
4862;660.0;0.08
4863;852.0;0.08
4864;1484.0;0.08
4865;1092.0;0.08
4866;1188.0;0.08
4867;1236.0;0.08
4868;660.0;0.08
4869;900.0;0.08
4870;1380.0;0.08
4871;1188.0;0.08
4872;572.0;0.08
4873;1044.0;0.08
4874;708.0;0.08
4875;804.0;0.08
4876;1796.0;0.08
4877;708.0;0.08
4878;996.0;0.08
4879;1332.0;0.08
4880;484.0;0.08
4881;804.0;0.08
4882;616.0;0.08
4883;948.0;0.08
4884;756.0;0.08
4885;440.0;0.08
4886;572.0;0.08
4887;1432.0;0.08
4888;660.0;0.08
4889;616.0;0.08
4890;1092.0;0.08
4891;1332.0;0.08
4892;1044.0;0.08
4893;1236.0;0.08
4894;900.0;0.08
4895;572.0;0.08
4896;1332.0;0.08
4897;484.0;0.08
4898;1692.0;0.08
4899;708.0;0.08
4900;616.0;0.08
4901;1432.0;0.08
4902;1796.0;0.08
4903;1044.0;0.08
4904;1744.0;0.08
4905;1044.0;0.08
4906;1380.0;0.08
4907;1092.0;0.08
4908;1236.0;0.08
4909;1380.0;0.08
4910;852.0;0.08
4911;1380.0;0.08
4912;1140.0;0.08
4913;660.0;0.08
4914;852.0;0.08
4915;660.0;0.08
4916;852.0;0.08
4917;660.0;0.08
4918;948.0;0.08
4919;708.0;0.08
4920;900.0;0.08
4921;708.0;0.08
4922;1284.0;0.08
4923;1380.0;0.08
4924;708.0;0.08
4925;1188.0;0.08
4926;900.0;0.08
4927;804.0;0.08
4928;1188.0;0.08
4929;900.0;0.08
4930;1588.0;0.08
4931;900.0;0.08
4932;1284.0;0.08
4933;948.0;0.08
4934;1588.0;0.08
4935;708.0;0.08
4936;852.0;0.08
4937;900.0;0.08
4938;1044.0;0.08
4939;1044.0;0.08
4940;1188.0;0.08
4941;1188.0;0.08
4942;1692.0;0.08
4943;616.0;0.08
4944;1188.0;0.08
4945;1140.0;0.08
4946;1044.0;0.08
4947;1848.0;0.08
4948;900.0;0.08
4949;1380.0;0.08
4950;1092.0;0.08
4951;1640.0;0.08
4952;852.0;0.08
4953;1284.0;0.08
4954;948.0;0.08
4955;756.0;0.08
4956;1536.0;0.08
4957;440.0;0.08
4958;1744.0;0.08
4959;572.0;0.08
4960;1092.0;0.08
4961;1332.0;0.08
4962;616.0;0.08
4963;1332.0;0.08
4964;1236.0;0.08
4965;852.0;0.08
4966;1236.0;0.08
4967;1188.0;0.08
4968;708.0;0.08
4969;1236.0;0.08
4970;948.0;0.08
4971;1092.0;0.08
4972;1380.0;0.08
4973;852.0;0.08
4974;948.0;0.08
4975;1092.0;0.08
4976;804.0;0.08
4977;1044.0;0.08
4978;660.0;0.08
4979;1092.0;0.08
4980;756.0;0.08
4981;660.0;0.08
4982;1188.0;0.08
4983;804.0;0.08
4984;996.0;0.08
4985;1044.0;0.08
4986;1140.0;0.08
4987;852.0;0.08
4988;708.0;0.08
4989;660.0;0.08
4990;1380.0;0.08
4991;1092.0;0.08
4992;1284.0;0.08
4993;1284.0;0.08
4994;2056.0;0.08
4995;1092.0;0.08
4996;2108.0;0.08
4997;1092.0;0.08
4998;804.0;0.08
4999;176.0;0.08
5000;756.0;0.08
